STAID,STANAME,CLASS,AGGECOREGI,DRAIN_SQKM,HUC02,LAT_GAGE,LNG_GAGE,STATE,HCDN_2009,ACTIVE09,FLYRS1900,FLYRS1950,FLYRS1990,geometry
01095220,"STILLWATER RIVER NEAR STERLING, MA",Non-ref,NorthEast,78.68936,01,42.410925,-71.791183,MA,,yes,15.0,15.0,15.0,POINT (1958517.998781876 2407682.780142465)
01095375,"QUINAPOXET RIVER AT CANADA MILLS NEAR HOLDEN, MA",Non-ref,NorthEast,115.1919,01,42.37287,-71.828128,MA,,yes,12.0,12.0,12.0,POINT (1956664.494074249 2402804.000617005)
01104430,"HOBBS BK BELOW CAMBRIDGE RES NR KENDALL GREEN, MA",Non-ref,NorthEast,17.4951,01,42.398151,-71.27339,MA,,yes,12.0,12.0,12.0,POINT (1999836.069762781 2417085.309226359)
01104460,"STONY BROOK AT RT 20 AT WALTHAM, MA",Non-ref,NorthEast,57.1176,01,42.368985,-71.270612,MA,,yes,8.0,8.0,8.0,POINT (2000894.68891675 2413992.532686044)
01104475,"STONY BROOK RES., UNNAMED TRIB 1, NEAR WESTON, MA",Non-ref,NorthEast,2.0808,01,42.354541,-71.268112,MA,,yes,5.0,5.0,5.0,POINT (2001507.952266962 2412484.537228478)
01362500,ESOPUS CREEK AT COLDBROOK NY,Non-ref,NorthEast,493.1622,02,42.014259,-74.270703,NY,,yes,78.0,60.0,20.0,POINT (1771690.825119344 2315942.620470877)
01372058,HUDSON RIVER BELOW POUGHKEEPSIE NY,Non-ref,NorthEast,30781.58,02,41.650927,-73.944582,NY,,yes,0.0,0.0,0.0,POINT (1807155.318669656 2282506.223191155)
01388000,RAMAPO RIVER AT POMPTON LAKES NJ,Non-ref,NorthEast,420.579,02,40.991972,-74.279861,NJ,,yes,88.0,60.0,20.0,POINT (1796880.072121148 2204331.891695097)
01417500,EAST BR DELAWARE RIVER AT HARVARD NY,Non-ref,NorthEast,1183.973,02,42.024809,-75.11989,NY,,yes,63.0,48.0,20.0,POINT (1703336.423592255 2301567.293945007)
01420500,BEAVER KILL AT COOKS FALLS NY,Non-ref,NorthEast,627.0471,02,41.946477,-74.979609,NY,,yes,95.0,60.0,20.0,POINT (1716515.972234707 2295540.8471164)
01421000,EAST BR DELAWARE R AT FISHS EDDY NY,Non-ref,NorthEast,2029.478,02,41.973143,-75.174058,NY,,yes,96.0,60.0,20.0,POINT (1700245.038940168 2294956.315498611)
01425000,WEST BR DELAWARE RIVER AT STILESVILLE NY,Non-ref,NorthEast,1180.565,02,42.074806,-75.396009,NY,,yes,57.0,57.0,20.0,POINT (1679964.886995586 2302111.932910841)
01426500,WEST BRANCH DELAWARE RIVER AT HALE EDDY NY,Non-ref,NorthEast,1539.334,02,42.00314,-75.383508,NY,,yes,96.0,60.0,20.0,POINT (1682693.611204239 2294504.552544015)
01427510,DELAWARE RIVER AT CALLICOON NY,Non-ref,NorthEast,4724.998,02,41.756755,-75.05739,PA,,yes,34.0,34.0,20.0,POINT (1714907.67732991 2273425.445915597)
01428500,DELAWARE R ABOVE LACKAWAXEN R NR BARRYVILLE NY,Non-ref,NorthEast,5242.786,02,41.508978,-74.985723,PA,,yes,69.0,60.0,20.0,POINT (1726761.909213854 2247667.845437853)
01429000,"West Branch Lackawaxen River at Prompton, PA",Non-ref,NorthEast,151.3764,02,41.587309,-75.326845,PA,,yes,65.0,60.0,20.0,POINT (1697286.902791457 2250079.126574108)
01436690,NEVERSINK RIVER AT BRIDGEVILLE NY,Non-ref,NorthEast,443.0349,02,41.638064,-74.616883,NY,,yes,17.0,17.0,17.0,POINT (1753337.95052369 2268509.995143428)
01447800,Lehigh R bl Francis E Walter Res nr White Haven PA,Non-ref,NorthEast,752.6691,02,41.104806,-75.732136,PA,,yes,52.0,52.0,20.0,POINT (1675955.167506017 2190123.125754209)
01449360,"Pohopoco Creek at Kresgeville, PA",Non-ref,NorthEast,129.4857,02,40.897592,-75.502408,PA,,yes,43.0,43.0,20.0,POINT (1699623.495157703 2171532.176988852)
01463500,DELAWARE RIVER AT TRENTON NJ,Non-ref,NorthEast,17579.75,02,40.221667,-74.778056,NJ,,yes,97.0,60.0,20.0,POINT (1775467.981676833 2110881.737903503)
01466500,MCDONALDS BRANCH IN LEBANON STATE FOREST NJ,Ref,SECstPlain,5.376711,02,39.885,-74.505278,NJ,yes,yes,56.0,56.0,20.0,POINT (1806360.42122196 2079249.603168605)
01480400,"Birch Run near Wagontown, PA",Non-ref,SEPlains,12.0384,02,40.027326,-75.844945,PA,,yes,14.0,14.0,14.0,POINT (1692171.960323673 2070156.571716785)
01480500,"West Branch Brandywine Creek at Coatesville, PA",Non-ref,SEPlains,119.376,02,39.985661,-75.827447,PA,,yes,47.0,41.0,20.0,POINT (1694602.471249561 2065904.703351166)
01480617,"West Branch Brandywine Creek at Modena, PA",Non-ref,SEPlains,143.4861,02,39.961773,-75.801334,PA,,yes,39.0,39.0,20.0,POINT (1697327.583398726 2063754.259562167)
01480870,"East Branch Brandywine Creek below Downingtown, PA",Non-ref,SEPlains,232.1622,02,39.968719,-75.673272,PA,,yes,37.0,37.0,20.0,POINT (1707759.620907205 2066809.163717594)
01481000,"Brandywine Creek at Chadds Ford, PA",Non-ref,SEPlains,755.1738,02,39.869833,-75.593262,PA,,yes,89.0,51.0,20.0,POINT (1716739.259442904 2057423.912556246)
01595200,"STONY RIVER NEAR MOUNT STORM,WV",Non-ref,EastHghlnds,126.3654,02,39.269549,-79.262263,WV,,yes,48.0,48.0,20.0,POINT (1423422.54561728 1930796.330659501)
01608500,"SOUTH BRANCH POTOMAC RIVER NEAR SPRINGFIELD, WV",Non-ref,EastHghlnds,3784.08,02,39.447039,-78.654182,WV,,yes,85.0,60.0,20.0,POINT (1470959.460784339 1959629.41689596)
02011400,"JACKSON RIVER NEAR BACOVA, VA",Ref,EastHghlnds,407.7162,02,38.042347,-79.881444,VA,yes,yes,35.0,35.0,20.0,POINT (1394499.544966226 1786115.819156551)
02011500,"BACK CREEK NEAR MOUNTAIN GROVE, VA",Non-ref,EastHghlnds,348.0309,02,38.069569,-79.897,VA,,yes,58.0,58.0,20.0,POINT (1392652.064698316 1788895.066834128)
02011800,"JACKSON RIVER BL GATHRIGHT DAM NR HOT SPGS, VA",Non-ref,EastHghlnds,895.0734,02,37.948458,-79.949224,VA,,yes,36.0,36.0,20.0,POINT (1390460.463332321 1774749.743249019)
02012500,"JACKSON RIVER AT FALLING SPRING, VA",Non-ref,EastHghlnds,1063.87,02,37.876792,-79.97728,VA,,,58.0,34.0,0.0,POINT (1389400.9742171 1766421.032772243)
02035000,"JAMES RIVER AT CARTERSVILLE, VA",Non-ref,EastHghlnds,16207.12,02,37.67098,-78.085833,VA,,yes,110.0,60.0,20.0,POINT (1555896.239574299 1773030.76202768)
02077200,"HYCO CREEK NEAR LEASBURG, NC",Ref,SEPlains,121.6944,03,36.397778,-79.196667,NC,yes,yes,45.0,45.0,20.0,POINT (1485551.842552616 1614965.47826404)
02110704,"WACCAMAW RIVER AT CONWAY MARINA AT CONWAY, SC",Non-ref,SECstPlain,3689.554,03,33.829893,-79.043647,SC,,yes,1.0,1.0,1.0,POINT (1549930.537408871 1334609.328238174)
02148315,"WATEREE R. BL EASTOVER, SC",Non-ref,SEPlains,14380.23,03,33.828489,-80.620365,SC,,yes,6.0,6.0,1.0,POINT (1407158.54096655 1309923.273634743)
02156500,"BROAD RIVER NEAR CARLISLE, S. C.",Non-ref,SEPlains,7201.157,03,34.59625,-81.422042,SC,,yes,71.0,60.0,20.0,POINT (1321287.429031541 1383177.554613369)
02160105,"TYGER RIVER NEAR DELTA, SC",Non-ref,SEPlains,1959.148,03,34.535416,-81.548158,SC,,yes,36.0,36.0,20.0,POINT (1310976.058751712 1374706.845246702)
02160700,"ENOREE RIVER AT WHITMIRE ,SC",Non-ref,SEPlains,1146.949,03,34.509304,-81.598159,SC,,yes,36.0,36.0,20.0,POINT (1306915.928652616 1371131.621541042)
02163001,"SALUDA RIVER NEAR WILLIAMSTON, SC",Non-ref,SEPlains,1087.174,03,34.614837,-82.444015,SC,,yes,14.0,14.0,14.0,POINT (1229017.481045137 1371520.627430569)
02168504,"SALUDA RIVER BELOW LK MURRAY DAM NR COLUMBIA, SC",Non-ref,SEPlains,6274.564,03,34.050982,-81.209542,SC,,yes,21.0,21.0,20.0,POINT (1349842.553345096 1325927.989135485)
02169000,"SALUDA RIVER NEAR COLUMBIA, SC",Non-ref,SEPlains,6498.896,03,34.014042,-81.087872,SC,,yes,84.0,60.0,20.0,POINT (1361500.990099367 1323585.395509927)
02203655,"SOUTH RIVER AT FORREST PARK ROAD, AT ATLANTA, GA",Non-ref,SEPlains,59.5908,03,33.678997,-84.357981,GA,,yes,6.0,6.0,6.0,POINT (1069216.465014458 1244683.306494815)
02203700,"INTRENCHMENT CREEK NEAR ATLANTA, GA",Non-ref,SEPlains,27.5913,03,33.688997,-84.33048,GA,,yes,6.0,6.0,6.0,POINT (1071592.665051447 1246101.790921062)
02204070,"SOUTH RIVER AT KLONDIKE ROAD, NEAR LITHONIA, GA",Non-ref,SEPlains,477.3717,03,33.629832,-84.128528,GA,,yes,26.0,26.0,20.0,POINT (1090865.339773772 1241840.920984138)
02207120,"YELLOW RIVER AT GA 124, NEAR LITHONIA, GA",Non-ref,SEPlains,418.3704,03,33.772885,-84.058248,GA,,yes,8.0,8.0,8.0,POINT (1095286.51248659 1258505.082268614)
02207185,"NO BUSINESS CREEK AT LEE ROAD, BELOW SNELLVILLE,GA",Non-ref,SEPlains,26.1936,03,33.778163,-84.037969,GA,,yes,8.0,8.0,8.0,POINT (1097062.629308175 1259324.023875577)
02207385,"BIG HAYNES CREEK AT LENORA ROAD, NR SNELLVILLE, GA",Non-ref,SEPlains,44.6526,03,33.815107,-83.990188,GA,,yes,8.0,8.0,8.0,POINT (1100901.166206659 1263971.492934821)
02207400,"BRUSHY FORK CREEK AT BEAVER ROAD, NR LOGANVILLE,GA",Non-ref,SEPlains,21.2778,03,33.821497,-83.942408,GA,,yes,7.0,7.0,7.0,POINT (1105167.182347625 1265234.318118043)
02208150,"ALCOVY RIVER AT NEW HOPE ROAD, NEAR GRAYSON, GA",Non-ref,SEPlains,79.46941,03,33.917607,-83.887958,GA,,yes,8.0,8.0,8.0,POINT (1108765.910257952 1276521.126910167)
02217274,"WHEELER CREEK AT BILL CHEEK ROAD, NEAR AUBURN, GA",Non-ref,SEPlains,4.3182,03,34.08233,-83.85462,GA,,yes,8.0,8.0,8.0,POINT (1109454.826202141 1295169.623902068)
02218565,"APALACHEE RIVER AT FENCE ROAD, NEAR DACULA, GA",Non-ref,SEPlains,14.832,03,34.010383,-83.894068,GA,,yes,8.0,8.0,8.0,POINT (1106892.442569277 1286733.852655757)
02296750,PEACE RIVER AT ARCADIA FL,Non-ref,SECstPlain,3435.95,03,27.222271,-81.875917,FL,,yes,78.0,60.0,20.0,POINT (1401801.45547236 566533.7276180517)
02298202,SHELL CREEK NEAR PUNTA GORDA FL,Non-ref,SECstPlain,886.2192,03,26.984781,-81.935641,FL,,yes,37.0,37.0,15.0,POINT (1399774.645099374 539780.8384334669)
02300021,MANATEE RIVER AT FORT HAMER FL,Non-ref,SECstPlain,551.0835,03,27.518372,-82.42815,FL,,yes,0.0,0.0,0.0,POINT (1342728.020042104 590854.2291111834)
02301719,ALAFIA RIVER NEAR GIBSONTON FL,Non-ref,SECstPlain,1077.435,03,27.85697,-82.357593,FL,,yes,0.0,0.0,0.0,POINT (1344316.154991852 628827.5757195763)
02304510,HILLSBOROUGH RIVER AT ROWLETT PK DR NEAR TAMPA FL,Non-ref,SECstPlain,1601.19,03,28.02113,-82.43454,FL,,yes,0.0,0.0,0.0,POINT (1334207.157021073 645682.3153555188)
02310650,CHASSAHOWITZKA RIVER NEAR HOMOSASSA FL,Non-ref,SECstPlain,16.9371,03,28.715264,-82.576766,FL,,yes,0.0,0.0,0.0,POINT (1309511.232883322 719656.4472703747)
02310700,HOMOSASSA R AT HOMOSASSA FL,Non-ref,SECstPlain,401.7852,03,28.785261,-82.617878,FL,,yes,0.0,0.0,0.0,POINT (1304440.15959665 726758.729223907)
02310747,CRYSTAL RIVER AT BAGLEY COVE NEAR CRYSTAL RIVER FL,Non-ref,SECstPlain,136.2141,03,28.906389,-82.623889,FL,,yes,0.0,0.0,0.0,POINT (1301977.546581821 739948.6855013389)
02323592,SUWANNEE RIVER AB GOPHER RIVER NR SUWANNEE FL,Non-ref,SECstPlain,25913.0,03,29.339406,-83.086515,FL,,yes,9.0,9.0,9.0,POINT (1250733.74504258 781231.3794129789)
02330450,"CHATTAHOOCHEE RIVER AT HELEN, GA",Non-ref,EastHghlnds,116.6112,03,34.700833,-83.728889,GA,,yes,28.0,28.0,20.0,POINT (1111971.646879599 1365224.829989338)
02334430,"CHATTAHOOCHEE RIVER AT BUFORD DAM, NEAR BUFORD, GA",Non-ref,SEPlains,2683.308,03,34.156944,-84.078889,GA,,yes,67.0,60.0,20.0,POINT (1088033.480118724 1300849.960136272)
02334480,"RICHLAND CREEK AT SUWANEE DAM ROAD, NEAR BUFORD,GA",Non-ref,SEPlains,24.3738,03,34.1326,-84.069911,GA,,yes,6.0,6.0,6.0,POINT (1089189.290071555 1298253.016383156)
02334578,"LEVEL CREEK AT SUWANEE DAM ROAD, NEAR SUWANEE, GA",Non-ref,SEPlains,13.1184,03,34.096489,-84.079634,GA,,yes,7.0,7.0,7.0,POINT (1088811.224233127 1294137.055105727)
02334885,"SUWANEE CREEK AT SUWANEE, GA",Non-ref,SEPlains,122.0977,03,34.032323,-84.089356,GA,,yes,25.0,25.0,20.0,POINT (1088824.313795034 1286910.323205091)
02335000,"CHATTAHOOCHEE RIVER NEAR NORCROSS, GA",Non-ref,SEPlains,3032.42,03,33.997222,-84.201944,GA,,yes,96.0,53.0,20.0,POINT (1079070.90568328 1281733.729666157)
02335350,"CROOKED CREEK NEAR NORCROSS, GA",Non-ref,SEPlains,22.9599,03,33.965101,-84.264923,GA,,yes,8.0,8.0,8.0,POINT (1073782.309934653 1277458.137516599)
02336030,"N.F. PEACHTREE CREEK AT GRAVES RD, NR DORAVILLE,GA",Non-ref,SEPlains,3.7026,03,33.905658,-84.224921,GA,,yes,6.0,6.0,6.0,POINT (1078244.810075444 1271319.118853725)
02336120,"N.F. PEACHTREE CREEK, BUFORD HWY, NEAR ATLANTA, GA",Non-ref,SEPlains,91.2645,03,33.831493,-84.342703,GA,,yes,6.0,6.0,6.0,POINT (1068527.928397231 1261764.540552404)
02336240,"S.F. PEACHTREE CREEK JOHNSON RD, NEAR ATLANTA, GA",Non-ref,SEPlains,71.5932,03,33.802883,-84.340759,GA,,yes,6.0,6.0,6.0,POINT (1069096.424491415 1258613.7814939)
02336300,"PEACHTREE CREEK AT ATLANTA, GA",Non-ref,SEPlains,221.6925,03,33.819444,-84.407778,GA,,yes,51.0,51.0,20.0,POINT (1062756.565616072 1259698.670416556)
02336360,"NANCY CREEK AT RICKENBACKER DRIVE, AT ATLANTA, GA",Non-ref,SEPlains,68.0589,03,33.869167,-84.378889,GA,,yes,6.0,6.0,6.0,POINT (1064714.148972221 1265536.434599275)
02336410,"NANCY CREEK AT WEST WESLEY ROAD, AT ATLANTA, GA",Non-ref,SEPlains,96.4998,03,33.838438,-84.439373,GA,,yes,10.0,10.0,10.0,POINT (1059616.760125393 1261452.353950964)
02336526,"PROCTOR CREEK AT JACKSON PARKWAY, AT ATLANTA, GA",Non-ref,SEPlains,35.1324,03,33.794273,-84.474375,GA,,yes,6.0,6.0,6.0,POINT (1057021.343304438 1256164.289044917)
02336728,"UTOY CREEK AT GREAT SOUTHWEST PKWY NR ATLANTA, GA",Non-ref,SEPlains,90.05563,03,33.743441,-84.568266,GA,,yes,8.0,8.0,8.0,POINT (1049133.808137851 1249486.058292752)
02337170,"CHATTAHOOCHEE RIVER NEAR FAIRBURN, GA",Non-ref,SEPlains,5325.304,03,33.656667,-84.673611,GA,,yes,44.0,44.0,20.0,POINT (1040664.54434823 1238703.248851368)
02397000,"COOSA RIVER NEAR ROME, GA",Non-ref,EastHghlnds,10460.54,03,34.200373,-85.25662,GA,,yes,75.0,56.0,20.0,POINT (980478.5782126011 1292852.614640879)
02423130,"CAHABA RIVER AT TRUSSVILLE, AL.",Non-ref,EastHghlnds,51.7203,03,33.622325,-86.599431,AL,,yes,21.0,21.0,20.0,POINT (864736.7390360435 1215582.838685418)
02423496,"CAHABA RIVER NEAR HOOVER, AL",Non-ref,EastHghlnds,585.7911,03,33.369277,-86.784155,AL,,yes,21.0,21.0,20.0,POINT (850534.569972862 1185790.077325987)
02455980,TURKEY CREEK AT SEWAGE PLANT NEAR PINSON AL,Non-ref,EastHghlnds,71.4042,03,33.711213,-86.696101,AL,,yes,21.0,21.0,20.0,POINT (854902.2920654099 1224589.78544933)
02457595,"FIVEMILE CREEK NEAR REPUBLIC, AL",Non-ref,EastHghlnds,133.1694,03,33.597049,-86.868048,AL,,yes,21.0,21.0,20.0,POINT (840375.3871639917 1210363.099287717)
02458450,"VILLAGE CREEK AT AVENUE W AT ENSLEY, AL",Non-ref,EastHghlnds,85.9473,03,33.517606,-86.879158,AL,,yes,25.0,25.0,20.0,POINT (840206.3884232235 1201432.541452503)
03081000,"Youghiogheny River below Confluence, PA",Non-ref,EastHghlnds,2659.891,05,39.827577,-79.372535,PA,,yes,69.0,60.0,20.0,POINT (1403254.945341928 1990731.598249618)
03176500,"NEW RIVER AT GLEN LYN, VA",Non-ref,EastHghlnds,9781.729,05,37.372899,-80.860635,VA,,yes,82.0,60.0,20.0,POINT (1322428.119186009 1698101.04217185)
03195500,"ELK RIVER AT SUTTON, WV",Non-ref,EastHghlnds,1401.769,05,38.663156,-80.709541,WV,,,54.0,43.0,3.0,POINT (1312345.316150188 1842958.911710084)
03234300,Paint Creek at Chillicothe OH,Non-ref,CntlPlains,2944.457,05,39.320342,-82.978235,OH,,yes,24.0,24.0,20.0,POINT (1108894.64520772 1886904.995102905)
03323500,WABASH RIVER AT HUNTINGTON IND,Non-ref,CntlPlains,1987.008,05,40.855601,-85.498031,IN,,,50.0,50.0,12.0,POINT (876326.5315474893 2031291.139728496)
03373980,"WHITE RIVER ABOVE PETERSBURG, IN",Non-ref,CntlPlains,28789.47,05,38.52838,-87.2539,IN,,yes,8.0,8.0,5.0,POINT (754230.9909627188 1756779.725891678)
03374500,"PATOKA RIVER NEAR CUZCO, IN",Non-ref,SEPlains,435.438,05,38.442,-86.714159,IN,,,40.0,40.0,12.0,POINT (801576.9122915767 1751559.254993695)
03428200,"WEST FORK STONES RIVER AT MURFREESBORO, TN",Non-ref,SEPlains,457.5231,05,35.902842,-86.429992,TN,,yes,32.0,32.0,20.0,POINT (854627.2205914423 1470925.574921528)
03597860,"DUCK RIVER AT SHELBYVILLE, TN",Non-ref,SEPlains,1098.201,06,35.4829,-86.462597,TN,,yes,0.0,0.0,0.0,POINT (856435.7852865709 1423854.35168054)
04043238,"SALMON TROUT RIVER NEAR BIG BAY, MI",Ref,MxWdShld,14.0796,04,46.782148,-87.87763,MI,,yes,4.0,4.0,4.0,POINT (621913.0659600467 2670168.172215665)
04043244,"EAST BRANCH SALMON TROUT RIVER NEAR DODGE CITY, MI",Ref,MxWdShld,26.6292,04,46.785759,-87.852352,MI,,yes,4.0,4.0,4.0,POINT (623809.5724428474 2670732.250694199)
04121944,"LITTLE MUSKEGON RIVER NEAR OAK GROVE, MI",Non-ref,CntlPlains,953.5609,04,43.430858,-85.595599,MI,,yes,14.0,14.0,14.0,POINT (836750.4235486595 2316667.505724669)
04121970,"MUSKEGON RIVER NEAR CROTON, MI",Non-ref,MxWdShld,6050.763,04,43.434746,-85.665324,MI,,yes,14.0,14.0,14.0,POINT (831118.0391026185 2316487.099567159)
04124000,"MANISTEE RIVER NEAR SHERMAN, MI",Ref,MxWdShld,2243.628,04,44.436392,-85.698679,MI,yes,yes,87.0,60.0,20.0,POINT (816360.5632236133 2427252.326085163)
04124200,"MANISTEE RIVER NEAR MESICK, MI",Non-ref,MxWdShld,2553.944,04,44.36306,-85.820905,MI,,yes,12.0,12.0,12.0,POINT (807585.2432584496 2418084.225306093)
04125460,"PINE RIVER AT HIGH SCHOOL BRIDGE NR HOXEYVILLE, MI",Ref,CntlPlains,636.9795,04,44.19334,-85.769786,MI,,yes,43.0,43.0,13.0,POINT (813657.6026588834 2399713.132922993)
04125550,"MANISTEE RIVER NEAR WELLSTON, MI",Non-ref,MxWdShld,3582.239,04,44.25945,-85.941742,MI,,yes,13.0,13.0,13.0,POINT (799254.214308913 2405581.009412747)
04136000,"AU SABLE RIVER NEAR RED OAK, MI",Ref,MxWdShld,2882.075,04,44.676959,-84.292515,MI,,yes,20.0,14.0,14.0,POINT (923973.4398795011 2466745.856725402)
04136500,"AU SABLE RIVER AT MIO, MI",Non-ref,MxWdShld,3524.812,04,44.660014,-84.131117,MI,,yes,57.0,57.0,20.0,POINT (936880.4705960801 2466453.484038789)
04136900,"AU SABLE RIVER NEAR MC KINLEY, MI",Non-ref,MxWdShld,3916.2,04,44.612778,-83.837778,MI,,yes,13.0,13.0,13.0,POINT (960581.8156880377 2464163.260154732)
04137005,"AU SABLE RIVER NEAR CURTISVILLE, MI",Non-ref,MxWdShld,4144.092,04,44.560847,-83.802764,MI,,yes,13.0,13.0,13.0,POINT (964072.4158681782 2458781.075219069)
04137500,"AU SABLE RIVER NEAR AU SABLE, MI",Non-ref,MxWdShld,4529.236,04,44.436404,-83.433861,MI,,yes,22.0,22.0,20.0,POINT (994890.7769948523 2448837.432122091)
04193500,Maumee River at Waterville OH,Non-ref,CntlPlains,16409.35,04,41.500053,-83.712714,OH,,yes,86.0,60.0,20.0,POINT (1015227.580356563 2120694.797798881)
04208000,Cuyahoga River at Independence OH,Non-ref,NorthEast,1837.508,04,41.395331,-81.629848,OH,,yes,78.0,60.0,20.0,POINT (1187870.930734129 2133231.713803861)
04232034,"IRONDEQUOIT CR AT RAILROAD MILLS, NR FISHERS NY",Non-ref,NorthEast,100.0665,04,43.027841,-77.47805,NY,,yes,18.0,18.0,18.0,POINT (1491850.381174192 2371655.088361201)
05058000,"SHEYENNE RIVER BELOW BALDHILL DAM, ND",Non-ref,CntlPlains,10296.64,09,47.033872,-98.083708,ND,,yes,60.0,60.0,20.0,POINT (-159115.9007283122 2673183.221792722)
05430500,"ROCK RIVER AT AFTON, WI",Non-ref,CntlPlains,7923.77,07,42.609179,-89.070667,WI,,yes,95.0,60.0,20.0,POINT (564582.7856079864 2199623.080932491)
05435943,"BADGER MILL CREEK AT VERONA, WI",Non-ref,CntlPlains,52.065,07,42.976943,-89.539566,WI,,yes,13.0,13.0,13.0,POINT (523647.6309858317 2237932.499551309)
05454500,"Iowa River at Iowa City, IA",Non-ref,CntlPlains,8478.728,07,41.656683,-91.541002,IA,,yes,106.0,60.0,20.0,POINT (368492.1028598708 2081147.141175513)
05455000,"Ralston Creek at Iowa City, IA",Non-ref,CntlPlains,8.0793,07,41.663906,-91.513501,IA,,,63.0,38.0,0.0,POINT (370724.9097259106 2082061.436476399)
05462000,"Shell Rock River at Shell Rock, IA",Non-ref,CntlPlains,4487.382,07,42.711925,-92.582966,IA,,yes,56.0,56.0,20.0,POINT (278184.3966826929 2195516.073043597)
05465500,"Iowa River at Wapello, IA",Non-ref,CntlPlains,32364.76,07,41.178086,-91.182094,IA,,yes,95.0,60.0,20.0,POINT (400842.5085529062 2029093.373393318)
05474000,"Skunk River at Augusta, IA",Non-ref,CntlPlains,11165.38,07,40.75365,-91.277094,IA,,yes,95.0,60.0,20.0,POINT (395306.1885482391 1981228.394718048)
06036905,Firehole River near West Yellowstone MT,Ref,WestMnts,676.8891,10U,44.62021,-110.86299,WY,,yes,19.0,19.0,13.0,POINT (-1172179.385377071 2495290.456602733)
06041000,Madison River bl Ennis Lake nr Mcallister MT,Non-ref,WestMnts,5729.268,10U,45.490206,-111.634138,MT,,yes,71.0,60.0,20.0,POINT (-1216607.89603432 2600537.381098293)
06054500,Missouri River at Toston MT,Non-ref,WestMnts,38074.68,10U,46.14604,-111.42052,MT,,yes,74.0,60.0,20.0,POINT (-1188366.105199795 2669693.37135306)
06066500,Missouri River bl Holter Dam nr Wolf Cr MT,Non-ref,WestMnts,43985.17,10U,46.994665,-112.011111,MT,,yes,64.0,60.0,20.0,POINT (-1217688.057740906 2769921.193432558)
06465500,"NIOBRARA RIVER NR. VERDEL, NEBR.",Non-ref,WestPlains,33197.99,10L,42.739683,-98.224319,NE,,yes,52.0,51.0,20.0,POINT (-181034.1307511986 2195735.242951565)
06710000,"SOUTH PLATTE RIVER AT LITTLETON, CO.",Non-ref,WestMnts,7968.601,10L,39.618877,-105.01915,CO,,,45.0,37.0,0.0,POINT (-766126.0343260753 1880652.420847935)
06711565,"SOUTH PLATTE RIVER AT ENGLEWOOD, CO.",Non-ref,WestMnts,8781.412,10L,39.664987,-105.004149,CO,,yes,26.0,26.0,20.0,POINT (-764366.7588109473 1885675.749829876)
06775500,"MIDDLE LOUP RIVER AT DUNNING, NEBR.",Ref,WestPlains,5459.764,10L,41.831244,-100.100778,NE,yes,yes,64.0,60.0,20.0,POINT (-338065.3160038164 2099328.193321519)
06881000,"BIG BLUE RIVER NEAR CRETE, NEBR.",Non-ref,WestPlains,7024.251,10L,40.596556,-96.960436,NE,,yes,56.0,56.0,20.0,POINT (-80597.84215348047 1954215.928674328)
06894000,"Little Blue River near Lake City, MO",Non-ref,CntlPlains,480.4056,10L,39.100561,-94.300504,MO,,yes,61.0,60.0,20.0,POINT (145610.6356435918 1787483.141705428)
07056515,"Bear Creek near Silver Hill, AR",Ref,EastHghlnds,209.871,11,35.94,-92.713333,AR,,yes,10.0,10.0,10.0,POINT (293802.3144502922 1437099.728842156)
07061270,"East Fork Black River near Lesterville, MO",Ref,EastHghlnds,135.3564,11,37.552556,-90.842444,MO,,yes,6.0,6.0,6.0,POINT (451111.0688400441 1624920.407620273)
07086000,"ARKANSAS RIVER AT GRANITE, CO.",Non-ref,WestMnts,1116.546,11,39.042771,-106.265855,CO,,,97.0,58.0,18.0,POINT (-878600.7136212458 1827205.118115968)
07096000,"ARKANSAS RIVER AT CANON CITY, CO.",Non-ref,WestMnts,7940.421,11,38.433887,-105.257213,CO,,yes,110.0,60.0,20.0,POINT (-799201.8995567661 1750413.109535947)
07097000,"ARKANSAS RIVER AT PORTLAND, CO.",Non-ref,WestMnts,10246.7,11,38.388334,-105.016096,CO,,yes,47.0,37.0,19.0,POINT (-778932.6160985128 1743328.839989599)
07099970,"ARKANSAS RIVER AT MOFFAT STREET AT PUEBLO, CO",Non-ref,WestMnts,12259.25,11,38.253614,-104.606085,CO,,yes,21.0,21.0,20.0,POINT (-744975.0923658621 1725006.00192331)
07106000,"FOUNTAIN CREEK NEAR FOUNTAIN, CO.",Non-ref,WestPlains,1768.522,11,38.601665,-104.67025,CO,,yes,40.0,29.0,20.0,POINT (-746959.858833462 1764360.425613468)
07106500,"FOUNTAIN CREEK AT PUEBLO, CO.",Non-ref,WestPlains,2404.412,11,38.28778,-104.601085,CO,,yes,66.0,54.0,20.0,POINT (-744197.3236671622 1728780.686136521)
07109500,"ARKANSAS RIVER NEAR AVONDALE, CO.",Non-ref,WestMnts,16200.62,11,38.248058,-104.399136,CO,,yes,56.0,46.0,20.0,POINT (-727162.9887640806 1722782.838688171)
07119700,"ARKANSAS RIVER AT CATLIN DAM, NEAR FOWLER, CO.",Non-ref,WestMnts,28168.73,11,38.125839,-103.911901,CO,,,43.0,43.0,18.0,POINT (-686219.8525118355 1705511.095564557)
07124000,"ARKANSAS RIVER AT LAS ANIMAS, CO.",Non-ref,WestPlains,37084.82,11,38.08084,-103.219652,CO,,yes,70.0,60.0,20.0,POINT (-626683.250334717 1695701.518954497)
07130500,"ARKANSAS RIVER BELOW JOHN MARTIN RESERVOIR, CO.",Non-ref,WestPlains,47909.75,11,38.066396,-102.932423,CO,,yes,70.0,60.0,20.0,POINT (-601914.1900751014 1692230.445665342)
07144100,"L ARKANSAS R NR SEDGWICK, KS",Non-ref,WestPlains,3200.356,11,37.883067,-97.424486,KS,,yes,16.0,16.0,16.0,POINT (-124095.4622274796 1650648.800357474)
07144780,"NF NINNESCAH R AB CHENEY RE, KS",Ref,WestPlains,2078.906,11,37.862607,-98.013853,KS,yes,yes,44.0,44.0,20.0,POINT (-175480.7838182422 1649284.988745008)
07177500,"Bird Creek near Sperry, OK",Non-ref,WestPlains,2348.75,11,36.278425,-95.954162,OK,,yes,71.0,60.0,20.0,POINT (4080.076620673741 1469920.472489806)
07178200,"Bird Ck at State Highway 266 near Catoosa, OK",Non-ref,WestPlains,2909.951,11,36.223151,-95.819432,OK,,yes,21.0,21.0,20.0,POINT (16084.32445947144 1463743.91408938)
07227500,"Canadian Rv nr Amarillo, TX",Non-ref,WestPlains,49264.4,11,35.470326,-101.879628,TX,,yes,71.0,60.0,20.0,POINT (-528613.4360782038 1395793.075268017)
07239450,"North Canadian River near Calumet, OK",Non-ref,WestPlains,34279.68,11,35.616993,-98.065332,OK,,yes,21.0,21.0,20.0,POINT (-185432.6998338916 1397868.689514732)
07239700,"North Canadian River near Yukon, OK",Non-ref,WestPlains,34845.51,11,35.539499,-97.742544,OK,,yes,10.0,10.0,10.0,POINT (-156614.2772139448 1388614.413326327)
07311782,"S Wichita Rv at LowFlow Dam Div Pipe nr Guthrie,TX",Non-ref,WestPlains,568.8171,11,33.62203,-100.209,TX,,yes,21.0,21.0,17.0,POINT (-387683.0589957139 1181332.225827351)
07312100,"Wichita Rv nr Mabelle, TX",Non-ref,WestPlains,5275.69,11,33.760093,-99.142849,TX,,yes,50.0,50.0,20.0,POINT (-289013.8433905467 1192948.528850419)
07312500,"Wichita Rv at Wichita Falls, TX",Non-ref,WestPlains,8146.337,11,33.909542,-98.533666,TX,,yes,71.0,60.0,20.0,POINT (-232563.5884737748 1207967.967444438)
08049500,"W Fk Trinity Rv at Grand Prairie, TX",Non-ref,WestPlains,7908.254,12,32.798741,-97.02973,TX,,yes,84.0,60.0,20.0,POINT (-95871.52235099876 1081355.91531199)
08062500,"Trinity Rv nr Rosser, TX",Non-ref,WestPlains,21047.79,12,32.42653,-96.463042,TX,,yes,71.0,60.0,20.0,POINT (-43313.75113712767 1039427.902762245)
08065350,"Trinity Rv nr Crockett, TX",Non-ref,WestPlains,35967.17,12,31.338513,-95.656341,TX,,yes,45.0,45.0,20.0,POINT (32584.85357759807 918183.2634824496)
08068400,"Panther Br at Gosling Rd, The Woodlands, TX",Non-ref,SEPlains,67.0005,12,30.192159,-95.483829,TX,,yes,11.0,11.0,10.0,POINT (49633.8958043051 790838.255665116)
08068500,"Spring Ck nr Spring, TX",Non-ref,SEPlains,1046.265,12,30.110495,-95.436327,TX,,yes,69.0,59.0,19.0,POINT (54255.26116239597 781798.9577928502)
08070200,"E Fk San Jacinto Rv nr New Caney, TX",Ref,SEPlains,989.3655,12,30.145493,-95.124376,TX,yes,yes,25.0,25.0,20.0,POINT (84245.11520505314 785911.0604949202)
08123800,"Beals Ck nr Westbrook, TX",Non-ref,WestPlains,25890.71,12,32.199291,-101.014003,TX,,yes,51.0,51.0,20.0,POINT (-470139.2179660547 1026395.420749094)
08123850,"Colorado Rv abv Silver, TX",Non-ref,WestPlains,38861.53,12,32.053744,-100.762052,TX,,yes,42.0,42.0,20.0,POINT (-447347.7182895692 1008980.417119239)
08181500,"Medina Rv at San Antonio, TX",Non-ref,WestPlains,3399.72,12,29.264128,-98.490849,TX,,yes,70.0,60.0,20.0,POINT (-242185.7539459704 690956.9043966606)
08181800,"San Antonio Rv nr Elmendorf, TX",Non-ref,WestPlains,4528.458,12,29.222185,-98.355846,TX,,yes,47.0,47.0,20.0,POINT (-229177.3132135835 685977.3977111485)
08317400,"RIO GRANDE BELOW COCHITI DAM, NM",Non-ref,WestMnts,37162.64,13,35.617809,-106.324471,NM,,yes,38.0,38.0,19.0,POINT (-925207.4557095601 1446252.020040771)
09095500,"COLORADO RIVER NEAR CAMEO, CO.",Non-ref,WestMnts,20698.61,14,39.239146,-108.266195,CO,,yes,76.0,60.0,20.0,POINT (-1046092.646908459 1869318.493439301)
09105000,"PLATEAU CREEK NEAR CAMEO, CO.",Non-ref,WestMnts,1536.934,14,39.183314,-108.267861,CO,,yes,71.0,58.0,20.0,POINT (-1047039.529525635 1863131.297254162)
09152500,"GUNNISON RIVER NEAR GRAND JUNCTION, CO.",Non-ref,WestMnts,20560.02,14,38.983316,-108.450645,CO,,yes,98.0,60.0,20.0,POINT (-1065479.47131061 1842936.276093059)
09163500,COLORADO RIVER NEAR COLORADO-UTAH STATE LINE,Non-ref,WestMnts,46273.94,14,39.13276,-109.027055,CO,,yes,58.0,58.0,20.0,POINT (-1112215.147093797 1866140.297580521)
09169500,"DOLORES RIVER AT BEDROCK, CO.",Non-ref,WestMnts,5232.928,14,38.310268,-108.885381,CO,,yes,43.0,38.0,20.0,POINT (-1112655.496326718 1773148.256555463)
09171100,"DOLORES RIVER NEAR BEDROCK, CO.",Non-ref,WestXeric,5549.45,14,38.356934,-108.833435,CO,,yes,38.0,38.0,20.0,POINT (-1107493.107816878 1777724.313824186)
09217000,"GREEN RIVER NEAR GREEN RIVER, WY",Non-ref,WestXeric,25211.51,14,41.516354,-109.449023,WY,,yes,58.0,58.0,20.0,POINT (-1110344.23955037 2135494.820310172)
09234500,"GREEN RIVER NEAR GREENDALE, UT",Non-ref,WestXeric,39136.57,14,40.908293,-109.422914,UT,,yes,59.0,59.0,20.0,POINT (-1117786.189669988 2067793.814788921)
09302000,"DUCHESNE RIVER NEAR RANDLETT, UT",Non-ref,WestXeric,9771.918,14,40.215517,-109.783476,UT,,yes,67.0,60.0,20.0,POINT (-1158819.001283148 1995308.539177397)
09371492,"MUD CREEK AT STATE HIGHWAY 32, NEAR CORTEZ, CO.",Non-ref,WestXeric,87.3459,14,37.312772,-108.661207,CO,,yes,21.0,21.0,16.0,POINT (-1108264.334166427 1659740.287900246)
09371520,"MCELMO CREEK ABOVE TRAIL CANYON NEAR CORTEZ, CO",Non-ref,WestXeric,606.9645,14,37.32666,-108.700653,CO,,yes,16.0,16.0,16.0,POINT (-1111489.2066846 1661743.472179594)
09406000,"VIRGIN RIVER AT VIRGIN, UT",Non-ref,WestXeric,2454.716,15,37.204149,-113.180779,UT,,yes,93.0,53.0,20.0,POINT (-1502316.649903616 1709802.748257062)
10129900,"SILVER CREEK NEAR SILVER CREEK JUNCTION, UT",Non-ref,WestMnts,41.0976,16,40.73523,-111.47603,UT,,yes,8.0,8.0,8.0,POINT (-1290488.094278035 2074650.480530033)
10133800,"EAST CANYON CREEK NEAR JEREMY RANCH, UT",Non-ref,WestMnts,147.7674,16,40.75967,-111.564091,UT,,yes,8.0,8.0,8.0,POINT (-1297319.307877298 2078550.213119121)
10261500,MOJAVE R A LO NARROWS NR VICTORVILLE CA,Non-ref,WestXeric,1355.905,18,34.573049,-117.320602,CA,,yes,83.0,60.0,20.0,POINT (-1924356.950714363 1495815.572920259)
10301500,"WALKER RV NR WABUSKA, NV",Non-ref,WestXeric,7032.127,16,39.152461,-119.098889,NV,,yes,84.0,60.0,20.0,POINT (-1958357.949714672 2031177.243330725)
10343500,SAGEHEN C NR TRUCKEE CA,Ref,WestMnts,27.6027,16,39.431572,-120.237979,CA,yes,yes,56.0,56.0,20.0,POINT (-2044987.357481148 2085486.973468962)
10348200,"TRUCKEE R NR SPARKS, NV",Non-ref,WestMnts,2762.546,16,39.517617,-119.741644,NV,,yes,32.0,32.0,20.0,POINT (-2001611.189208738 2084257.136015257)
10351650,"TRUCKEE R AT WADSWORTH, NV",Non-ref,WestMnts,4759.58,16,39.632134,-119.283225,NV,,yes,37.0,37.0,16.0,POINT (-1960634.177692301 2087143.436450557)
10351700,"TRUCKEE R NR NIXON, NV",Non-ref,WestMnts,4479.071,16,39.777372,-119.337522,NV,,yes,52.0,52.0,20.0,POINT (-1961157.482386509 2104052.093737887)
11044000,SANTA MARGARITA R NR TEMECULA CA,Non-ref,WestXeric,1519.51,18,33.473918,-117.142254,CA,,yes,86.0,60.0,20.0,POINT (-1935630.594386775 1372407.331725474)
11074000,SANTA ANA R BL PRADO DAM CA,Non-ref,WestXeric,3726.514,18,33.883349,-117.64533,CA,,yes,69.0,60.0,20.0,POINT (-1970571.147480982 1427330.47435849)
11111500,SESPE CREEK NEAR WHEELER SPRINGS CA,Ref,WestXeric,128.5272,18,34.577766,-119.25789,CA,,yes,57.0,55.0,15.0,POINT (-2095729.838185321 1537305.564804582)
11176900,ARROYO DE LA LAGUNA A VERONA CA,Non-ref,WestXeric,1044.58,18,37.626599,-121.883013,CA,,yes,53.0,36.0,20.0,POINT (-2234865.694357188 1927211.153870807)
11187000,KERN R A KERNVILLE CA,Non-ref,WestMnts,2663.107,18,35.754395,-118.423418,CA,,,47.0,40.0,4.0,POINT (-1991184.467681645 1647246.075305859)
11203580,SF TULE R NR CHOLOLLO CAMPGROUND NR PORTERVILLE CA,Ref,WestMnts,51.9264,18,36.048281,-118.654256,CA,,yes,8.0,8.0,8.0,POINT (-2003524.449893569 1684084.243691348)
11204100,SF TULE R NR RESERVATION BNDRY NR PORTERVILLE CA,Ref,WestXeric,249.147,18,36.024116,-118.813426,CA,,yes,9.0,9.0,9.0,POINT (-2017974.24809588 1684822.948986997)
11204900,TULE R BL SUCCESS DAM CA,Non-ref,WestXeric,1015.851,18,36.05634,-118.923709,CA,,,30.0,30.0,1.0,POINT (-2026677.829401011 1690674.445426528)
11209900,KAWEAH R A THREE RIVERS CA,Non-ref,WestMnts,1085.507,18,36.443836,-118.903433,CA,,,32.0,32.0,1.0,POINT (-2014561.427850791 1732388.363852624)
11210950,KAWEAH R BL TERMINUS DAM CA,Non-ref,WestMnts,1453.3,18,36.414116,-119.012603,CA,,,29.0,29.0,1.0,POINT (-2024774.191924907 1731475.973060776)
11251000,SAN JOAQUIN R BL FRIANT CA,Non-ref,WestMnts,4344.809,18,36.984394,-119.724312,CA,,yes,101.0,60.0,20.0,POINT (-2070323.773317085 1808778.298807454)
11257500,FRESNO R NR KNOWLES CA,Non-ref,WestMnts,345.78,18,37.237169,-119.774876,CA,,,75.0,41.0,1.0,POINT (-2067631.548961511 1837323.772699444)
11261500,SAN JOAQUIN R A FREMONT FORD BRIDGE CA,Non-ref,WestXeric,21971.82,18,37.309939,-120.931037,CA,,yes,45.0,33.0,8.0,POINT (-2163802.698544577 1870952.121921134)
11274538,ORESTIMBA CR AT RIVER RD NR CROWS LANDING CA,Non-ref,WestXeric,469.431,18,37.41355,-121.01604,CA,,yes,17.0,17.0,17.0,POINT (-2167988.05437755 1884102.016433045)
11276500,TUOLUMNE R NR HETCH HETCHY CA,Non-ref,WestMnts,1179.1,18,37.937421,-119.798233,CA,,yes,99.0,60.0,20.0,POINT (-2050172.254484904 1913863.053858891)
11276600,TUOLUMNE R AB EARLY INTAKE NR MATHER CA,Non-ref,WestMnts,1248.672,18,37.879368,-119.947126,CA,,yes,38.0,38.0,19.0,POINT (-2064349.654908071 1910783.854132735)
11289650,TUOLUMNE R BL LAGRANGE DAM NR LAGRANGE CA,Non-ref,WestMnts,3983.72,18,37.666321,-120.442139,CA,,yes,39.0,39.0,20.0,POINT (-2112160.602992776 1898552.971667859)
11302000,STANISLAUS R BL GOODWIN DAM NR KNIGHTS FERRY CA,Non-ref,WestMnts,2539.589,18,37.851594,-120.637982,CA,,yes,52.0,52.0,20.0,POINT (-2123381.594283204 1922993.68531077)
11303000,STANISLAUS R A RIPON CA,Non-ref,WestMnts,2864.942,18,37.729651,-121.110493,CA,,yes,69.0,60.0,20.0,POINT (-2166730.688807924 1920457.359598911)
11308900,CALAVERAS R BL NEW HOGAN DAM NR VALLEY SPRINGS CA,Non-ref,WestXeric,964.5534,18,38.147976,-120.824936,CA,,,29.0,29.0,1.0,POINT (-2130547.916342139 1959278.650983187)
11319500,MOKELUMNE R NR MOKELUMNE HILL CA,Non-ref,WestMnts,1419.016,18,38.312693,-120.720211,CA,,yes,82.0,60.0,20.0,POINT (-2117015.702799843 1974776.957473639)
11325500,MOKELUMNE R A WOODBRIDGE CA,Non-ref,WestMnts,1709.437,18,38.158529,-121.303559,CA,,yes,81.0,58.0,18.0,POINT (-2170347.685890421 1971251.123905311)
11342000,SACRAMENTO R A DELTA CA,Non-ref,WestMnts,1099.295,18,40.939594,-122.417235,CA,,yes,65.0,60.0,20.0,POINT (-2177934.889743289 2296901.400040411)
11381500,MILL C NR LOS MOLINOS CA,Ref,WestMnts,337.6305,18,40.054602,-122.024154,CA,yes,yes,81.0,60.0,20.0,POINT (-2173156.746968749 2192520.596263329)
11383500,DEER C NR VINA CA,Ref,WestMnts,539.7753,18,40.014047,-121.948318,CA,yes,yes,93.0,60.0,20.0,POINT (-2168207.775802342 2186413.278400504)
11388000,STONY C BL BLACK BUTTE DAM NR ORLAND CA,Non-ref,WestXeric,1921.434,18,39.81849,-122.324991,CA,,,35.0,35.0,1.0,POINT (-2204871.479836795 2173990.935024184)
11390000,BUTTE C NR CHICO CA,Non-ref,WestMnts,383.3298,18,39.725995,-121.708864,CA,,yes,79.0,60.0,20.0,POINT (-2157317.850431883 2149871.401029781)
11390500,SACRAMENTO R BL WILKINS SLOUGH NR GRIMES CA,Non-ref,WestMnts,36187.75,18,39.009895,-121.82469,CA,,yes,71.0,60.0,20.0,POINT (-2188338.756229173 2075196.291381107)
11394500,MF FEATHER R NR MERRIMAC CA,Non-ref,WestMnts,2750.667,18,39.70822,-121.270518,CA,,,35.0,35.0,0.0,POINT (-2121937.038131656 2138081.523671443)
11404500,NF FEATHER R A PULGA CA,Non-ref,WestMnts,5148.672,18,39.794329,-121.451635,CA,,yes,97.0,60.0,20.0,POINT (-2134227.803656693 2151444.989560176)
11405300,WB FEATHER R NR PARADISE CA,Non-ref,WestMnts,291.1428,18,39.78655,-121.56275,CA,,,29.0,29.0,0.0,POINT (-2143551.556369703 2153105.412714245)
11407000,FEATHER R A OROVILLE CA,Non-ref,WestMnts,9380.393,18,39.521553,-121.547748,CA,,yes,108.0,60.0,20.0,POINT (-2150211.496984352 2124137.359391799)
11427000,NF AMERICAN R A NORTH FORK DAM CA,Non-ref,WestMnts,883.0899,18,38.936009,-121.023833,CA,,yes,68.0,60.0,20.0,POINT (-2124232.841662074 2049038.108365954)
11446500,AMERICAN R A FAIR OAKS CA,Non-ref,WestMnts,4984.418,18,38.63546,-121.227726,CA,,yes,105.0,60.0,20.0,POINT (-2149972.206293682 2021106.689812683)
11454000,PUTAH C NR WINTERS CA,Non-ref,WestXeric,1491.096,18,38.515185,-122.081916,CA,,yes,79.0,60.0,20.0,POINT (-2224616.246718787 2027773.818814415)
11462500,RUSSIAN R NR HOPLAND CA,Non-ref,WestXeric,938.709,18,39.026563,-123.130559,CA,,yes,70.0,60.0,20.0,POINT (-2295522.326714255 2107799.780911288)
11463980,RUSSIAN R A DIGGER BEND NR HEALDSBURG CA,Non-ref,WestXeric,2050.299,18,38.632965,-122.855549,CA,,yes,0.0,0.0,0.0,POINT (-2285181.325302999 2058823.227837848)
11464000,RUSSIAN R NR HEALDSBURG CA,Non-ref,WestXeric,2056.271,18,38.613243,-122.836382,CA,,yes,70.0,60.0,20.0,POINT (-2284209.931034029 2056239.493102919)
11467000,RUSSIAN R NR GUERNEVILLE CA,Non-ref,WestXeric,3465.202,18,38.508523,-122.927774,CA,,yes,70.0,60.0,20.0,POINT (-2295061.486951648 2047170.178499112)
11467600,GARCIA R NR POINT ARENA CA,Ref,WestMnts,254.0412,18,38.926296,-123.630293,CA,,,21.0,21.0,0.0,POINT (-2339839.573302281 2109212.388368848)
11470500,EEL R BL SCOTT DAM NR POTTER VALLEY CA,Non-ref,WestMnts,750.2211,18,39.407939,-122.97139,CA,,yes,87.0,60.0,20.0,POINT (-2270450.788966617 2144999.679293719)
11477000,EEL R A SCOTIA CA,Non-ref,WestMnts,8062.434,18,40.491524,-124.09977,CA,,yes,97.0,60.0,20.0,POINT (-2327332.450524889 2288649.995482516)
11480500,MAD R NR FOREST GLEN CA,Non-ref,WestMnts,369.0432,18,40.458199,-123.510867,CA,,,41.0,41.0,5.0,POINT (-2281008.287673154 2270797.106545312)
11501000,"SPRAGUE RIVER NEAR CHILOQUIN, OR",Non-ref,WestMnts,4121.275,18,42.584581,-121.849737,OR,,yes,88.0,60.0,20.0,POINT (-2082871.915765811 2461319.206958191)
11507500,"LINK RIVER AT KLAMATH FALLS, OR",Non-ref,WestMnts,9786.505,18,42.223478,-121.794171,OR,,yes,48.0,48.0,20.0,POINT (-2089329.479992661 2421207.256179173)
11509500,"KLAMATH RIVER AT KENO, OR",Non-ref,WestMnts,18081.18,18,42.133199,-121.962231,OR,,yes,89.0,60.0,20.0,POINT (-2105327.280538314 2415191.669790324)
11516530,KLAMATH R BL IRON GATE DAM CA,Non-ref,WestMnts,21541.15,18,41.927919,-122.444188,CA,,yes,49.0,49.0,20.0,POINT (-2149713.121129907 2403886.218694774)
11520500,KLAMATH R NR SEIAD VALLEY CA,Non-ref,WestMnts,27502.78,18,41.853738,-123.232273,CA,,yes,71.0,58.0,20.0,POINT (-2214387.472290879 2414011.082994048)
11523000,KLAMATH R A ORLEANS,Non-ref,WestMnts,31496.02,18,41.30346,-123.534504,CA,,yes,82.0,60.0,20.0,POINT (-2255870.037729397 2362074.577835064)
11530000,TRINITY R A HOOPA CA,Non-ref,WestMnts,7390.958,18,41.049852,-123.672001,CA,,yes,82.0,60.0,20.0,POINT (-2274966.952692727 2338148.425478544)
11532500,SMITH R NR CRESCENT CITY CA,Ref,WestMnts,1577.962,18,41.791503,-124.076189,CA,yes,yes,78.0,60.0,20.0,POINT (-2283060.836054086 2427309.846766462)
12011500,"WILLAPA RIVER AT LEBAM, WA",Non-ref,WestMnts,108.144,17,46.563714,-123.565155,WA,,,23.0,22.0,0.0,POINT (-2090591.973476674 2924718.511615834)
12116500,"CEDAR RIVER AT CEDAR FALLS, WA",Non-ref,WestMnts,220.0527,17,47.417047,-121.792054,WA,,yes,95.0,60.0,20.0,POINT (-1934237.940771389 2977908.726128001)
12117600,"CEDAR RIVER BELOW DIVERSION NEAR LANDSBURG, WA",Non-ref,WestMnts,345.9087,17,47.379546,-121.983448,WA,,yes,17.0,17.0,17.0,POINT (-1949352.2304699 2977827.917407702)
12119000,"CEDAR RIVER AT RENTON, WA",Non-ref,WestMnts,448.3881,17,47.4826,-122.203455,WA,,yes,64.0,60.0,20.0,POINT (-1962338.944167424 2993316.707132723)
12147500,"NORTH FORK TOLT RIVER NEAR CARNATION, WA",Ref,WestMnts,102.8934,17,47.712324,-121.788727,WA,yes,yes,52.0,52.0,20.0,POINT (-1925252.831122952 3009260.399253326)
12147600,"SOUTH FORK TOLT RIVER NEAR INDEX, WA",Ref,WestMnts,14.1264,17,47.706771,-121.600107,WA,yes,yes,44.0,44.0,20.0,POINT (-1911678.114674924 3004862.009173335)
12148000,"SOUTH FORK TOLT RIVER NEAR CARNATION, WA",Non-ref,WestMnts,51.84,17,47.689269,-121.713446,WA,,yes,51.0,51.0,20.0,POINT (-1920451.002588967 3005284.966518503)
12148300,"SF TOLT RIVER BL REGULATING BASIN NR CARNATION, WA",Non-ref,WestMnts,76.7628,17,47.696768,-121.787338,WA,,yes,27.0,27.0,20.0,POINT (-1925611.945558294 3007577.859761265)
12323770,Warm Springs Creek at Warm Springs MT,Non-ref,WestMnts,413.9685,17,46.180301,-112.785949,MT,,yes,26.0,26.0,20.0,POINT (-1291872.170987406 2691258.169937781)
12413370,EF PINE CREEK ABV NABOB CR NEAR PINEHURST ID,Non-ref,WestMnts,74.1688,17,47.476667,-116.221667,ID,,yes,10.0,10.0,10.0,POINT (-1522322.505505354 2882974.551589976)
12413445,PINE CREEK BELOW AMY GULCH NEAR PINEHURST ID,Non-ref,WestMnts,189.7065,17,47.514444,-116.241944,ID,,yes,11.0,11.0,11.0,POINT (-1522943.622809853 2887378.638321936)
13331500,"MINAM RIVER NEAR MINAM, OR",Ref,WestMnts,618.9291,17,45.619867,-117.726589,OR,yes,yes,45.0,44.0,20.0,POINT (-1680335.279060209 2707567.258038729)
13340000,CLEARWATER RIVER AT OROFINO ID,Ref,WestMnts,14268.92,17,46.478333,-116.2575,ID,yes,yes,53.0,45.0,20.0,POINT (-1548351.576869083 2775568.598582161)
13340600,NF CLEARWATER RIVER NR CANYON RANGER STATION ID,Ref,WestMnts,3354.622,17,46.840466,-115.620703,ID,yes,yes,42.0,42.0,20.0,POINT (-1492160.225058406 2804618.58455145)
13341050,CLEARWATER RIVER NR PECK ID,Non-ref,WestMnts,20665.06,17,46.500278,-116.3925,ID,,yes,45.0,45.0,20.0,POINT (-1557993.852495037 2780151.790551096)
13342500,CLEARWATER RIVER AT SPALDING ID,Non-ref,WestMnts,24064.79,17,46.448498,-116.827375,ID,,yes,87.0,60.0,20.0,POINT (-1591938.264760733 2781754.02797199)
14020000,"UMATILLA RIVER ABOVE MEACHAM CREEK, NR GIBBON, OR",Ref,WestMnts,341.4267,17,45.719577,-118.323291,OR,yes,yes,76.0,60.0,20.0,POINT (-1723065.85603024 2729032.966094997)
14046890,"PINE CREEK NEAR CLARNO, OR",Ref,WestMnts,168.5637,17,44.910407,-120.440863,OR,,yes,6.0,6.0,6.0,POINT (-1905941.58309531 2682197.092370652)
14076500,"DESCHUTES RIVER NEAR CULVER, OREG.",Non-ref,WestMnts,6943.026,17,44.498729,-121.321156,OR,,yes,57.0,57.0,20.0,POINT (-1985055.676744796 2655938.57235341)
14087400,"CROOKED RIVER BELOW OPAL SPRINGS, NEAR CULVER, OR",Non-ref,WestMnts,11810.18,17,44.492341,-121.298377,OR,,yes,48.0,48.0,20.0,POINT (-1983499.568126628 2654776.332718925)
14091500,"METOLIUS RIVER NEAR GRANDVIEW, OR",Non-ref,WestMnts,818.0802,17,44.626227,-121.483943,OR,,yes,89.0,60.0,20.0,POINT (-1993748.227854782 2673043.747336404)
14092500,"DESCHUTES RIVER NEAR MADRAS, OR",Non-ref,WestMnts,20857.07,17,44.725952,-121.246994,OR,,yes,85.0,60.0,20.0,POINT (-1972734.965789544 2678811.006672358)
14103000,"DESCHUTES RIVER AT MOODY, NEAR BIGGS, OR",Non-ref,WestMnts,27772.14,17,45.622068,-120.902565,OR,,yes,103.0,60.0,20.0,POINT (-1920624.327971461 2767981.493710206)
14138850,"BULL RUN RIVER NEAR MULTNOMAH FALLS, OR",Non-ref,WestMnts,124.4574,17,45.498174,-122.012305,OR,,yes,43.0,43.0,20.0,POINT (-2007834.34477041 2777642.057682985)
14138870,"FIR CREEK NEAR BRIGHTWOOD, OR",Ref,WestMnts,14.02431,17,45.480119,-122.025638,OR,yes,yes,34.0,34.0,20.0,POINT (-2009380.405276547 2775991.856155073)
14138900,"NORTH FORK BULL RUN RIVER NEAR MULTNOMAH FALLS, OR",Ref,WestMnts,21.6828,17,45.494286,-122.035917,OR,yes,yes,44.0,44.0,20.0,POINT (-2009728.014744577 2777725.061312066)
14139800,"SOUTH FORK BULL RUN RIVER NEAR BULL RUN, OR",Ref,WestMnts,40.7034,17,45.444564,-122.109529,OR,yes,yes,35.0,35.0,20.0,POINT (-2016766.065905902 2773964.64154036)
14144900,"HILLS CR AB HILLS CR RES, NR OAKRIDGE,OREG.",Ref,WestMnts,136.7514,17,43.680401,-122.3706,OR,,,23.0,23.0,0.0,POINT (-2090242.577354316 2590552.45121929)
14145500,"M F WILLAMETTE R AB SALT CR., NR OAKRIDGE, OREG",Non-ref,WestMnts,1016.985,17,43.722068,-122.438659,OR,,yes,75.0,60.0,20.0,POINT (-2094220.703165375 2596521.697004691)
14148000,"MF WILLAMETTE RIVER BLW N FORK, NR OAKRIDGE, OR.",Non-ref,WestMnts,2409.197,17,43.801235,-122.560888,OR,,yes,87.0,60.0,20.0,POINT (-2101213.132126708 2607711.011802613)
14150000,"MIDDLE FORK WILLAMETTE RIVER NEAR DEXTER, OREG.",Non-ref,WestMnts,2605.191,17,43.945681,-122.837297,OR,,yes,63.0,60.0,20.0,POINT (-2118008.577069862 2629327.296157558)
14150300,"FALL CR. NEAR LOWELL, OREG.",Ref,WestMnts,304.9047,17,43.970682,-122.638674,OR,,,36.0,36.0,10.0,POINT (-2101976.173921241 2627595.874736897)
14150800,"WINBERRY CREEK NEAR LOWELL,OR",Ref,WestMnts,113.3136,17,43.914292,-122.688676,OR,,yes,27.0,27.0,9.0,POINT (-2107560.57177033 2622660.188678344)
14151000,"FALL CREEK BLW WINBERRY CREEK, NEAR FALL CREEK, OR",Non-ref,WestMnts,481.0788,17,43.944293,-122.774794,OR,,yes,74.0,60.0,20.0,POINT (-2113250.267613796 2627787.121691376)
14152000,"MIDDLE FORK WILLAMETTE RIVER AT JASPER, OR",Non-ref,WestMnts,3491.435,17,43.998182,-122.905913,OR,,yes,66.0,57.0,20.0,POINT (-2121642.880663058 2636480.298918759)
14152500,"COAST FORK WILLAMETTE RIVER AT LONDON, OREG.",Ref,WestMnts,184.7169,17,43.64151,-123.085909,OR,,,50.0,36.0,0.0,POINT (-2146638.609120646 2602328.702975164)
14153500,"COAST FORK WILLAMETTE R BLW COTTAGE GROVE DAM, OR",Non-ref,WestMnts,274.9752,17,43.720678,-123.049799,OR,,yes,70.0,60.0,20.0,POINT (-2141373.989771922 2609991.925531138)
14155500,"ROW RIVER NEAR COTTAGE GROVE, OR",Non-ref,WestMnts,696.4029,17,43.792901,-122.991466,OR,,yes,70.0,60.0,20.0,POINT (-2134623.083691014 2616413.848423093)
14159200,SO FK MCKENZIE RIVER ABV COUGAR LAKE NR RAINBOW OR,Ref,WestMnts,414.2997,17,44.047067,-122.217825,OR,,yes,39.0,39.0,9.0,POINT (-2067301.78511025 2626554.978853592)
14159500,"SOUTH FORK MCKENZIE RIVER NEAR RAINBOW, OR",Non-ref,WestMnts,539.5959,17,44.135958,-122.248391,OR,,yes,62.0,60.0,20.0,POINT (-2066947.629722611 2636755.690276851)
14161100,"BLUE RIVER BELOW TIDBITS CREEK, NR BLUE RIVER, OR",Ref,WestMnts,118.3653,17,44.217904,-122.265068,OR,,yes,40.0,40.0,14.0,POINT (-2065734.505480733 2645906.999800036)
14161500,"LOOKOUT CREEK NEAR BLUE RIVER, OR",Ref,WestMnts,62.4241,17,44.209571,-122.256733,OR,,yes,50.0,50.0,18.0,POINT (-2065349.166603964 2644832.157052209)
14162500,"MCKENZIE RIVER NEAR VIDA, OR",Non-ref,WestMnts,2402.694,17,44.124849,-122.47062,OR,,yes,85.0,60.0,20.0,POINT (-2084334.808083301 2640418.217077348)
14166000,"WILLAMETTE RIVER AT HARRISBURG, OR",Non-ref,WestMnts,8895.176,17,44.270401,-123.173704,OR,,yes,65.0,60.0,20.0,POINT (-2133623.43666746 2671604.44790565)
14169000,"LONG TOM RIVER NEAR ALVADORE,OREG.",Non-ref,WestMnts,660.5496,17,44.123457,-123.299817,OR,,yes,70.0,60.0,20.0,POINT (-2147893.464361053 2658733.112630539)
14174000,"WILLAMETTE RIVER AT ALBANY, OR",Non-ref,WestMnts,12574.71,17,44.638733,-123.106762,OR,,yes,110.0,60.0,20.0,POINT (-2116963.660605773 2709482.341235146)
14178000,"NO SANTIAM R BLW BOULDER CRK, NR DETROIT, OR",Non-ref,WestMnts,557.6805,17,44.706789,-122.101186,OR,,yes,83.0,60.0,20.0,POINT (-2038399.837234503 2694781.371102441)
14179000,"BREITENBUSH R ABV FRENCH CR NR DETROIT, OR.",Ref,WestMnts,272.5416,17,44.752622,-122.128965,OR,,yes,66.0,49.0,11.0,POINT (-2039128.799272852 2700289.230178179)
14180300,"BLOWOUT CREEK NEAR DETROIT, OR",Ref,WestMnts,66.6477,17,44.6529,-122.130908,OR,,yes,11.0,11.0,11.0,POINT (-2042291.607728492 2689643.681055401)
14181500,"NORTH SANTIAM RIVER AT NIAGARA, OR",Non-ref,WestMnts,1170.957,17,44.752622,-122.298412,OR,,yes,80.0,60.0,20.0,POINT (-2052014.457012726 2703936.566952358)
14182500,"LITTLE NORTH SANTIAM RIVER NEAR MEHAMA, OR",Ref,WestMnts,286.8498,17,44.791511,-122.578974,OR,yes,yes,78.0,60.0,20.0,POINT (-2072140.271052663 2714187.617161667)
14187200,"SOUTH SANTIAM RIVER NEAR FOSTER,OR",Non-ref,WestMnts,1444.943,17,44.412347,-122.688696,OR,,yes,36.0,36.0,20.0,POINT (-2092173.334064131 2676008.663453384)
14187500,"SOUTH SANTIAM RIVER AT WATERLOO, OREG.",Non-ref,WestMnts,1645.005,17,44.498456,-122.823421,OR,,yes,85.0,58.0,18.0,POINT (-2099781.432163788 2688196.115283971)
14197900,"WILLAMETTE RIVER AT NEWBERG, OR",Non-ref,WestMnts,21563.02,17,45.284563,-122.961489,OR,,yes,8.0,8.0,8.0,POINT (-2085806.901014052 2775254.210770124)
14202980,"SCOGGINS CREEK BL HENRY HAGG LK NR GASTON,OREG.",Non-ref,WestMnts,100.5021,17,45.46928,-123.200109,OR,,yes,31.0,31.0,17.0,POINT (-2097964.721180619 2800214.695619813)
14206950,"FANNO CREEK AT DURHAM, OR",Non-ref,WestMnts,80.7422,17,45.403452,-122.754819,OR,,yes,11.0,11.0,11.0,POINT (-2066572.252699635 2783433.410043232)
14211010,"CLACKAMAS RIVER NEAR OREGON CITY, OR",Non-ref,WestMnts,2436.125,17,45.379287,-122.577313,OR,,yes,8.0,8.0,8.0,POINT (-2053963.613186273 2777003.765719752)
14211400,"JOHNSON CREEK AT REGNER ROAD, AT GRESHAM, OR",Non-ref,WestMnts,39.7521,17,45.486509,-122.421757,OR,,yes,11.0,11.0,11.0,POINT (-2038982.925014161 2785112.456223357)
14211499,"KELLEY CREEK AT SE 159TH DRIVE AT PORTLAND, OR",Non-ref,WestMnts,12.2553,17,45.476787,-122.498424,OR,,yes,9.0,9.0,9.0,POINT (-2045042.873129011 2785720.873749621)
14211500,"JOHNSON CREEK AT SYCAMORE, OR",Non-ref,WestMnts,68.4882,17,45.47762,-122.507869,OR,,yes,69.0,60.0,20.0,POINT (-2045727.27153265 2786013.178475307)
14211550,"JOHNSON CREEK AT MILWAUKIE, OR",Non-ref,WestMnts,137.3274,17,45.452897,-122.64315,OR,,yes,20.0,20.0,20.0,POINT (-2056653.643412048 2786291.815635324)
14316495,"BOULDER CREEK NEAR TOKETEE FALLS, OR",Ref,WestMnts,78.9912,17,43.303454,-122.530324,OR,,yes,12.0,12.0,12.0,POINT (-2114167.411639945 2553629.962966959)
14316500,"N UMPQUA RIVER ABV COPELAND CK NR TOKETEE FALLS,OR",Non-ref,WestMnts,1217.343,17,43.295954,-122.536713,OR,,yes,60.0,60.0,20.0,POINT (-2114894.021563102 2552967.144023324)
14318000,"LITTLE RIVER AT PEEL, OREG.",Ref,WestMnts,459.4689,17,43.252618,-123.026172,OR,,yes,45.0,45.0,10.0,POINT (-2154212.670953973 2559312.825471219)
14319500,"NORTH UMPQUA RIVER AT WINCHESTER, OR",Non-ref,WestMnts,3514.594,17,43.27206,-123.412299,OR,,yes,66.0,55.0,20.0,POINT (-2183520.620868919 2570207.660161576)
14321000,"UMPQUA RIVER NEAR ELKTON, OR",Non-ref,WestMnts,9434.701,17,43.58595,-123.555373,OR,,yes,103.0,59.0,19.0,POINT (-2184578.415413735 2607080.963941414)
14330000,"ROGUE RIVER BELOW PROSPECT, OR",Non-ref,WestMnts,985.7133,17,42.730405,-122.516425,OR,,yes,57.0,40.0,19.0,POINT (-2130719.107638714 2491782.900503668)
14334700,"S FK ROGUE R SOUTH OF PROSPECT, OREG.",Non-ref,WestMnts,637.6158,17,42.71235,-122.506702,OR,,,23.0,23.0,3.0,POINT (-2130513.728728101 2489625.122419877)
14337500,"BIG BUTTE CREEK NEAR MCLEOD,OREG.",Non-ref,WestMnts,640.8351,17,42.651237,-122.691429,OR,,yes,54.0,50.0,20.0,POINT (-2146863.574625767 2487217.959109855)
14337600,"ROGUE RIVER NEAR MCLEOD, OR",Non-ref,WestMnts,2438.114,17,42.655404,-122.715041,OR,,yes,44.0,44.0,20.0,POINT (-2148583.295237443 2488198.984609555)
14337800,"ELK CREEK NEAR CASCADE GORGE,OREG.",Ref,WestMnts,204.6447,17,42.773459,-122.671986,OR,,,27.0,27.0,11.0,POINT (-2141557.577501573 2499903.738797558)
14337870,"WEST BRANCH ELK CREEK NEAR TRAIL,OREG.",Ref,WestMnts,39.8889,17,42.710958,-122.749765,OR,,,26.0,26.0,11.0,POINT (-2149577.251557934 2494949.205117336)
14338000,"ELK CREEK NEAR TRAIL, OR",Non-ref,WestMnts,335.9349,17,42.678736,-122.741987,OR,,yes,62.0,59.0,19.0,POINT (-2149968.785512854 2491313.746284416)
14339000,"ROGUE RIVER AT DODGE BRIDGE, NEAR EAGLE POINT, OR",Non-ref,WestMnts,3154.809,17,42.524847,-122.84282,OR,,yes,71.0,60.0,20.0,POINT (-2162653.391664564 2477079.608206512)
14362000,"APPLEGATE RIVER NEAR COPPER, OR",Non-ref,WestMnts,580.1787,17,42.063736,-123.111436,OR,,yes,71.0,60.0,20.0,POINT (-2198218.874000496 2433744.027668611)
14366000,"APPLEGATE RIVER NEAR APPLEGATE, OR",Non-ref,WestMnts,1252.84,17,42.241511,-123.140048,OR,,yes,71.0,60.0,20.0,POINT (-2194874.102629244 2453483.619755588)
14369500,"APPLEGATE RIVER NEAR WILDERVILLE, OR",Non-ref,WestMnts,1809.661,17,42.354006,-123.406728,OR,,yes,48.0,37.0,20.0,POINT (-2212265.125654296 2471732.050165441)
14372300,"ROGUE RIVER NEAR AGNESS, OR",Non-ref,WestMnts,10196.52,17,42.580387,-124.059533,OR,,yes,49.0,49.0,20.0,POINT (-2256073.324663731 2511317.86556671)
15081497,STANEY C NR KLAWOCK AK,Non-ref,Alaska,132.4639,19,55.801029,-133.110322,AK,,yes,20.0,20.0,20.0,POINT (-2401033.770891769 4096056.806292539)
15085100,OLD TOM C NR KASAAN AK,Ref,Alaska,15.28412,19,55.395194,-132.408627,AK,yes,yes,60.0,60.0,20.0,POINT (-2373887.644466451 4038820.127008061)
15261000,COOPER C AT MOUTH NR COOPER LANDING AK,Non-ref,Alaska,118.2164,19,60.479979,-149.882711,AK,,yes,18.0,18.0,11.0,POINT (-3129692.312818079 5013660.905808453)
