usgs_id,year,pumping,metric,value
01095220,dry,constant,first0day,216
01095220,dry,constant,prc0,0.20515068493150684
01095220,dry,seasonal,first0day,191
01095220,dry,seasonal,prc0,0.2653150684931507
01095220,avg,constant,first0day,Inf
01095220,avg,constant,prc0,0
01095220,avg,seasonal,first0day,617
01095220,avg,seasonal,prc0,0.009534246575342466
01095220,wet,constant,first0day,Inf
01095220,wet,constant,prc0,0
01095220,wet,seasonal,first0day,Inf
01095220,wet,seasonal,prc0,0
01095375,dry,constant,first0day,221
01095375,dry,constant,prc0,0.04695890410958904
01095375,dry,seasonal,first0day,201
01095375,dry,seasonal,prc0,0.22663013698630138
01095375,avg,constant,first0day,Inf
01095375,avg,constant,prc0,0
01095375,avg,seasonal,first0day,Inf
01095375,avg,seasonal,prc0,0
01095375,wet,constant,first0day,Inf
01095375,wet,constant,prc0,0
01095375,wet,seasonal,first0day,Inf
01095375,wet,seasonal,prc0,0
01104430,dry,constant,first0day,2
01104430,dry,constant,prc0,0.4658082191780822
01104430,dry,seasonal,first0day,265
01104430,dry,seasonal,prc0,0.2666849315068493
01104430,avg,constant,first0day,Inf
01104430,avg,constant,prc0,0
01104430,avg,seasonal,first0day,Inf
01104430,avg,seasonal,prc0,0
01104430,wet,constant,first0day,Inf
01104430,wet,constant,prc0,0
01104430,wet,seasonal,first0day,Inf
01104430,wet,seasonal,prc0,0
01104460,dry,constant,first0day,Inf
01104460,dry,constant,prc0,0
01104460,dry,seasonal,first0day,Inf
01104460,dry,seasonal,prc0,0
01104460,avg,constant,first0day,Inf
01104460,avg,constant,prc0,0
01104460,avg,seasonal,first0day,Inf
01104460,avg,seasonal,prc0,0
01104460,wet,constant,first0day,Inf
01104460,wet,constant,prc0,0
01104460,wet,seasonal,first0day,Inf
01104460,wet,seasonal,prc0,0
01362500,dry,constant,first0day,Inf
01362500,dry,constant,prc0,0
01362500,dry,seasonal,first0day,Inf
01362500,dry,seasonal,prc0,0
01362500,avg,constant,first0day,Inf
01362500,avg,constant,prc0,0
01362500,avg,seasonal,first0day,Inf
01362500,avg,seasonal,prc0,0
01362500,wet,constant,first0day,Inf
01362500,wet,constant,prc0,0
01362500,wet,seasonal,first0day,Inf
01362500,wet,seasonal,prc0,0
01388000,dry,constant,first0day,Inf
01388000,dry,constant,prc0,0
01388000,dry,seasonal,first0day,218
01388000,dry,seasonal,prc0,0.09046575342465753
01388000,avg,constant,first0day,Inf
01388000,avg,constant,prc0,0
01388000,avg,seasonal,first0day,Inf
01388000,avg,seasonal,prc0,0
01388000,wet,constant,first0day,Inf
01388000,wet,constant,prc0,0
01388000,wet,seasonal,first0day,Inf
01388000,wet,seasonal,prc0,0
01417500,dry,constant,first0day,Inf
01417500,dry,constant,prc0,0
01417500,dry,seasonal,first0day,Inf
01417500,dry,seasonal,prc0,0
01417500,avg,constant,first0day,Inf
01417500,avg,constant,prc0,0
01417500,avg,seasonal,first0day,Inf
01417500,avg,seasonal,prc0,0
01417500,wet,constant,first0day,Inf
01417500,wet,constant,prc0,0
01417500,wet,seasonal,first0day,Inf
01417500,wet,seasonal,prc0,0
01420500,dry,constant,first0day,Inf
01420500,dry,constant,prc0,0
01420500,dry,seasonal,first0day,Inf
01420500,dry,seasonal,prc0,0
01420500,avg,constant,first0day,Inf
01420500,avg,constant,prc0,0
01420500,avg,seasonal,first0day,Inf
01420500,avg,seasonal,prc0,0
01420500,wet,constant,first0day,Inf
01420500,wet,constant,prc0,0
01420500,wet,seasonal,first0day,Inf
01420500,wet,seasonal,prc0,0
01421000,dry,constant,first0day,Inf
01421000,dry,constant,prc0,0
01421000,dry,seasonal,first0day,Inf
01421000,dry,seasonal,prc0,0
01421000,avg,constant,first0day,Inf
01421000,avg,constant,prc0,0
01421000,avg,seasonal,first0day,Inf
01421000,avg,seasonal,prc0,0
01421000,wet,constant,first0day,Inf
01421000,wet,constant,prc0,0
01421000,wet,seasonal,first0day,Inf
01421000,wet,seasonal,prc0,0
01425000,dry,constant,first0day,2958
01425000,dry,constant,prc0,0.1189041095890411
01425000,dry,seasonal,first0day,8798
01425000,dry,seasonal,prc0,0.009095890410958905
01425000,avg,constant,first0day,Inf
01425000,avg,constant,prc0,0
01425000,avg,seasonal,first0day,Inf
01425000,avg,seasonal,prc0,0
01425000,wet,constant,first0day,Inf
01425000,wet,constant,prc0,0
01425000,wet,seasonal,first0day,Inf
01425000,wet,seasonal,prc0,0
01426500,dry,constant,first0day,Inf
01426500,dry,constant,prc0,0
01426500,dry,seasonal,first0day,Inf
01426500,dry,seasonal,prc0,0
01426500,avg,constant,first0day,Inf
01426500,avg,constant,prc0,0
01426500,avg,seasonal,first0day,Inf
01426500,avg,seasonal,prc0,0
01426500,wet,constant,first0day,Inf
01426500,wet,constant,prc0,0
01426500,wet,seasonal,first0day,Inf
01426500,wet,seasonal,prc0,0
01427510,dry,constant,first0day,Inf
01427510,dry,constant,prc0,0
01427510,dry,seasonal,first0day,Inf
01427510,dry,seasonal,prc0,0
01427510,avg,constant,first0day,Inf
01427510,avg,constant,prc0,0
01427510,avg,seasonal,first0day,Inf
01427510,avg,seasonal,prc0,0
01427510,wet,constant,first0day,Inf
01427510,wet,constant,prc0,0
01427510,wet,seasonal,first0day,Inf
01427510,wet,seasonal,prc0,0
01428500,dry,constant,first0day,Inf
01428500,dry,constant,prc0,0
01428500,dry,seasonal,first0day,Inf
01428500,dry,seasonal,prc0,0
01428500,avg,constant,first0day,Inf
01428500,avg,constant,prc0,0
01428500,avg,seasonal,first0day,Inf
01428500,avg,seasonal,prc0,0
01428500,wet,constant,first0day,Inf
01428500,wet,constant,prc0,0
01428500,wet,seasonal,first0day,Inf
01428500,wet,seasonal,prc0,0
01429000,dry,constant,first0day,Inf
01429000,dry,constant,prc0,0
01429000,dry,seasonal,first0day,Inf
01429000,dry,seasonal,prc0,0
01429000,avg,constant,first0day,Inf
01429000,avg,constant,prc0,0
01429000,avg,seasonal,first0day,Inf
01429000,avg,seasonal,prc0,0
01429000,wet,constant,first0day,Inf
01429000,wet,constant,prc0,0
01429000,wet,seasonal,first0day,Inf
01429000,wet,seasonal,prc0,0
01436690,dry,constant,first0day,Inf
01436690,dry,constant,prc0,0
01436690,dry,seasonal,first0day,Inf
01436690,dry,seasonal,prc0,0
01436690,avg,constant,first0day,Inf
01436690,avg,constant,prc0,0
01436690,avg,seasonal,first0day,Inf
01436690,avg,seasonal,prc0,0
01436690,wet,constant,first0day,Inf
01436690,wet,constant,prc0,0
01436690,wet,seasonal,first0day,Inf
01436690,wet,seasonal,prc0,0
01447800,dry,constant,first0day,Inf
01447800,dry,constant,prc0,0
01447800,dry,seasonal,first0day,Inf
01447800,dry,seasonal,prc0,0
01447800,avg,constant,first0day,Inf
01447800,avg,constant,prc0,0
01447800,avg,seasonal,first0day,Inf
01447800,avg,seasonal,prc0,0
01447800,wet,constant,first0day,Inf
01447800,wet,constant,prc0,0
01447800,wet,seasonal,first0day,Inf
01447800,wet,seasonal,prc0,0
01449360,dry,constant,first0day,Inf
01449360,dry,constant,prc0,0
01449360,dry,seasonal,first0day,Inf
01449360,dry,seasonal,prc0,0
01449360,avg,constant,first0day,Inf
01449360,avg,constant,prc0,0
01449360,avg,seasonal,first0day,Inf
01449360,avg,seasonal,prc0,0
01449360,wet,constant,first0day,Inf
01449360,wet,constant,prc0,0
01449360,wet,seasonal,first0day,Inf
01449360,wet,seasonal,prc0,0
01466500,dry,constant,first0day,Inf
01466500,dry,constant,prc0,0
01466500,dry,seasonal,first0day,Inf
01466500,dry,seasonal,prc0,0
01466500,avg,constant,first0day,Inf
01466500,avg,constant,prc0,0
01466500,avg,seasonal,first0day,Inf
01466500,avg,seasonal,prc0,0
01466500,wet,constant,first0day,Inf
01466500,wet,constant,prc0,0
01466500,wet,seasonal,first0day,Inf
01466500,wet,seasonal,prc0,0
01480400,dry,constant,first0day,Inf
01480400,dry,constant,prc0,0
01480400,dry,seasonal,first0day,Inf
01480400,dry,seasonal,prc0,0
01480400,avg,constant,first0day,Inf
01480400,avg,constant,prc0,0
01480400,avg,seasonal,first0day,Inf
01480400,avg,seasonal,prc0,0
01480400,wet,constant,first0day,Inf
01480400,wet,constant,prc0,0
01480400,wet,seasonal,first0day,Inf
01480400,wet,seasonal,prc0,0
01480500,dry,constant,first0day,Inf
01480500,dry,constant,prc0,0
01480500,dry,seasonal,first0day,Inf
01480500,dry,seasonal,prc0,0
01480500,avg,constant,first0day,Inf
01480500,avg,constant,prc0,0
01480500,avg,seasonal,first0day,Inf
01480500,avg,seasonal,prc0,0
01480500,wet,constant,first0day,Inf
01480500,wet,constant,prc0,0
01480500,wet,seasonal,first0day,Inf
01480500,wet,seasonal,prc0,0
01480617,dry,constant,first0day,Inf
01480617,dry,constant,prc0,0
01480617,dry,seasonal,first0day,Inf
01480617,dry,seasonal,prc0,0
01480617,avg,constant,first0day,Inf
01480617,avg,constant,prc0,0
01480617,avg,seasonal,first0day,Inf
01480617,avg,seasonal,prc0,0
01480617,wet,constant,first0day,Inf
01480617,wet,constant,prc0,0
01480617,wet,seasonal,first0day,Inf
01480617,wet,seasonal,prc0,0
01480870,dry,constant,first0day,Inf
01480870,dry,constant,prc0,0
01480870,dry,seasonal,first0day,Inf
01480870,dry,seasonal,prc0,0
01480870,avg,constant,first0day,Inf
01480870,avg,constant,prc0,0
01480870,avg,seasonal,first0day,Inf
01480870,avg,seasonal,prc0,0
01480870,wet,constant,first0day,Inf
01480870,wet,constant,prc0,0
01480870,wet,seasonal,first0day,Inf
01480870,wet,seasonal,prc0,0
01481000,dry,constant,first0day,Inf
01481000,dry,constant,prc0,0
01481000,dry,seasonal,first0day,Inf
01481000,dry,seasonal,prc0,0
01481000,avg,constant,first0day,Inf
01481000,avg,constant,prc0,0
01481000,avg,seasonal,first0day,Inf
01481000,avg,seasonal,prc0,0
01481000,wet,constant,first0day,Inf
01481000,wet,constant,prc0,0
01481000,wet,seasonal,first0day,Inf
01481000,wet,seasonal,prc0,0
01595200,dry,constant,first0day,Inf
01595200,dry,constant,prc0,0
01595200,dry,seasonal,first0day,Inf
01595200,dry,seasonal,prc0,0
01595200,avg,constant,first0day,Inf
01595200,avg,constant,prc0,0
01595200,avg,seasonal,first0day,Inf
01595200,avg,seasonal,prc0,0
01595200,wet,constant,first0day,Inf
01595200,wet,constant,prc0,0
01595200,wet,seasonal,first0day,Inf
01595200,wet,seasonal,prc0,0
01608500,dry,constant,first0day,Inf
01608500,dry,constant,prc0,0
01608500,dry,seasonal,first0day,Inf
01608500,dry,seasonal,prc0,0
01608500,avg,constant,first0day,Inf
01608500,avg,constant,prc0,0
01608500,avg,seasonal,first0day,Inf
01608500,avg,seasonal,prc0,0
01608500,wet,constant,first0day,Inf
01608500,wet,constant,prc0,0
01608500,wet,seasonal,first0day,Inf
01608500,wet,seasonal,prc0,0
02011400,dry,constant,first0day,Inf
02011400,dry,constant,prc0,0
02011400,dry,seasonal,first0day,Inf
02011400,dry,seasonal,prc0,0
02011400,avg,constant,first0day,Inf
02011400,avg,constant,prc0,0
02011400,avg,seasonal,first0day,Inf
02011400,avg,seasonal,prc0,0
02011400,wet,constant,first0day,Inf
02011400,wet,constant,prc0,0
02011400,wet,seasonal,first0day,Inf
02011400,wet,seasonal,prc0,0
02011500,dry,constant,first0day,Inf
02011500,dry,constant,prc0,0
02011500,dry,seasonal,first0day,Inf
02011500,dry,seasonal,prc0,0
02011500,avg,constant,first0day,Inf
02011500,avg,constant,prc0,0
02011500,avg,seasonal,first0day,Inf
02011500,avg,seasonal,prc0,0
02011500,wet,constant,first0day,Inf
02011500,wet,constant,prc0,0
02011500,wet,seasonal,first0day,Inf
02011500,wet,seasonal,prc0,0
02011800,dry,constant,first0day,Inf
02011800,dry,constant,prc0,0
02011800,dry,seasonal,first0day,Inf
02011800,dry,seasonal,prc0,0
02011800,avg,constant,first0day,Inf
02011800,avg,constant,prc0,0
02011800,avg,seasonal,first0day,Inf
02011800,avg,seasonal,prc0,0
02011800,wet,constant,first0day,Inf
02011800,wet,constant,prc0,0
02011800,wet,seasonal,first0day,Inf
02011800,wet,seasonal,prc0,0
02077200,dry,constant,first0day,175
02077200,dry,constant,prc0,0.3958904109589041
02077200,dry,seasonal,first0day,162
02077200,dry,seasonal,prc0,0.38372602739726025
02077200,avg,constant,first0day,Inf
02077200,avg,constant,prc0,0
02077200,avg,seasonal,first0day,257
02077200,avg,seasonal,prc0,0.027068493150684932
02077200,wet,constant,first0day,Inf
02077200,wet,constant,prc0,0
02077200,wet,seasonal,first0day,Inf
02077200,wet,seasonal,prc0,0
02110704,dry,constant,first0day,136
02110704,dry,constant,prc0,0.12893150684931506
02110704,dry,seasonal,first0day,137
02110704,dry,seasonal,prc0,0.2756164383561644
02110704,avg,constant,first0day,Inf
02110704,avg,constant,prc0,0
02110704,avg,seasonal,first0day,Inf
02110704,avg,seasonal,prc0,0
02110704,wet,constant,first0day,Inf
02110704,wet,constant,prc0,0
02110704,wet,seasonal,first0day,Inf
02110704,wet,seasonal,prc0,0
02156500,dry,constant,first0day,Inf
02156500,dry,constant,prc0,0
02156500,dry,seasonal,first0day,Inf
02156500,dry,seasonal,prc0,0
02156500,avg,constant,first0day,Inf
02156500,avg,constant,prc0,0
02156500,avg,seasonal,first0day,Inf
02156500,avg,seasonal,prc0,0
02156500,wet,constant,first0day,Inf
02156500,wet,constant,prc0,0
02156500,wet,seasonal,first0day,Inf
02156500,wet,seasonal,prc0,0
02160105,dry,constant,first0day,Inf
02160105,dry,constant,prc0,0
02160105,dry,seasonal,first0day,Inf
02160105,dry,seasonal,prc0,0
02160105,avg,constant,first0day,Inf
02160105,avg,constant,prc0,0
02160105,avg,seasonal,first0day,Inf
02160105,avg,seasonal,prc0,0
02160105,wet,constant,first0day,Inf
02160105,wet,constant,prc0,0
02160105,wet,seasonal,first0day,Inf
02160105,wet,seasonal,prc0,0
02160700,dry,constant,first0day,Inf
02160700,dry,constant,prc0,0
02160700,dry,seasonal,first0day,Inf
02160700,dry,seasonal,prc0,0
02160700,avg,constant,first0day,Inf
02160700,avg,constant,prc0,0
02160700,avg,seasonal,first0day,Inf
02160700,avg,seasonal,prc0,0
02160700,wet,constant,first0day,Inf
02160700,wet,constant,prc0,0
02160700,wet,seasonal,first0day,Inf
02160700,wet,seasonal,prc0,0
02163001,dry,constant,first0day,Inf
02163001,dry,constant,prc0,0
02163001,dry,seasonal,first0day,Inf
02163001,dry,seasonal,prc0,0
02163001,avg,constant,first0day,Inf
02163001,avg,constant,prc0,0
02163001,avg,seasonal,first0day,Inf
02163001,avg,seasonal,prc0,0
02163001,wet,constant,first0day,Inf
02163001,wet,constant,prc0,0
02163001,wet,seasonal,first0day,Inf
02163001,wet,seasonal,prc0,0
02168504,dry,constant,first0day,Inf
02168504,dry,constant,prc0,0
02168504,dry,seasonal,first0day,Inf
02168504,dry,seasonal,prc0,0
02168504,avg,constant,first0day,Inf
02168504,avg,constant,prc0,0
02168504,avg,seasonal,first0day,Inf
02168504,avg,seasonal,prc0,0
02168504,wet,constant,first0day,Inf
02168504,wet,constant,prc0,0
02168504,wet,seasonal,first0day,Inf
02168504,wet,seasonal,prc0,0
02169000,dry,constant,first0day,Inf
02169000,dry,constant,prc0,0
02169000,dry,seasonal,first0day,Inf
02169000,dry,seasonal,prc0,0
02169000,avg,constant,first0day,Inf
02169000,avg,constant,prc0,0
02169000,avg,seasonal,first0day,Inf
02169000,avg,seasonal,prc0,0
02169000,wet,constant,first0day,Inf
02169000,wet,constant,prc0,0
02169000,wet,seasonal,first0day,Inf
02169000,wet,seasonal,prc0,0
02204070,dry,constant,first0day,Inf
02204070,dry,constant,prc0,0
02204070,dry,seasonal,first0day,Inf
02204070,dry,seasonal,prc0,0
02204070,avg,constant,first0day,Inf
02204070,avg,constant,prc0,0
02204070,avg,seasonal,first0day,Inf
02204070,avg,seasonal,prc0,0
02204070,wet,constant,first0day,Inf
02204070,wet,constant,prc0,0
02204070,wet,seasonal,first0day,Inf
02204070,wet,seasonal,prc0,0
02207120,dry,constant,first0day,Inf
02207120,dry,constant,prc0,0
02207120,dry,seasonal,first0day,Inf
02207120,dry,seasonal,prc0,0
02207120,avg,constant,first0day,Inf
02207120,avg,constant,prc0,0
02207120,avg,seasonal,first0day,Inf
02207120,avg,seasonal,prc0,0
02207120,wet,constant,first0day,Inf
02207120,wet,constant,prc0,0
02207120,wet,seasonal,first0day,Inf
02207120,wet,seasonal,prc0,0
02207185,dry,constant,first0day,Inf
02207185,dry,constant,prc0,0
02207185,dry,seasonal,first0day,226
02207185,dry,seasonal,prc0,0.08158904109589041
02207185,avg,constant,first0day,Inf
02207185,avg,constant,prc0,0
02207185,avg,seasonal,first0day,Inf
02207185,avg,seasonal,prc0,0
02207185,wet,constant,first0day,Inf
02207185,wet,constant,prc0,0
02207185,wet,seasonal,first0day,Inf
02207185,wet,seasonal,prc0,0
02207385,dry,constant,first0day,Inf
02207385,dry,constant,prc0,0
02207385,dry,seasonal,first0day,Inf
02207385,dry,seasonal,prc0,0
02207385,avg,constant,first0day,Inf
02207385,avg,constant,prc0,0
02207385,avg,seasonal,first0day,Inf
02207385,avg,seasonal,prc0,0
02207385,wet,constant,first0day,Inf
02207385,wet,constant,prc0,0
02207385,wet,seasonal,first0day,Inf
02207385,wet,seasonal,prc0,0
02207400,dry,constant,first0day,Inf
02207400,dry,constant,prc0,0
02207400,dry,seasonal,first0day,212
02207400,dry,seasonal,prc0,0.17435616438356163
02207400,avg,constant,first0day,Inf
02207400,avg,constant,prc0,0
02207400,avg,seasonal,first0day,Inf
02207400,avg,seasonal,prc0,0
02207400,wet,constant,first0day,Inf
02207400,wet,constant,prc0,0
02207400,wet,seasonal,first0day,Inf
02207400,wet,seasonal,prc0,0
02208150,dry,constant,first0day,Inf
02208150,dry,constant,prc0,0
02208150,dry,seasonal,first0day,Inf
02208150,dry,seasonal,prc0,0
02208150,avg,constant,first0day,Inf
02208150,avg,constant,prc0,0
02208150,avg,seasonal,first0day,Inf
02208150,avg,seasonal,prc0,0
02208150,wet,constant,first0day,Inf
02208150,wet,constant,prc0,0
02208150,wet,seasonal,first0day,Inf
02208150,wet,seasonal,prc0,0
02217274,dry,constant,first0day,Inf
02217274,dry,constant,prc0,0
02217274,dry,seasonal,first0day,224
02217274,dry,seasonal,prc0,0.08745205479452055
02217274,avg,constant,first0day,Inf
02217274,avg,constant,prc0,0
02217274,avg,seasonal,first0day,Inf
02217274,avg,seasonal,prc0,0
02217274,wet,constant,first0day,Inf
02217274,wet,constant,prc0,0
02217274,wet,seasonal,first0day,Inf
02217274,wet,seasonal,prc0,0
02218565,dry,constant,first0day,Inf
02218565,dry,constant,prc0,0
02218565,dry,seasonal,first0day,Inf
02218565,dry,seasonal,prc0,0
02218565,avg,constant,first0day,Inf
02218565,avg,constant,prc0,0
02218565,avg,seasonal,first0day,Inf
02218565,avg,seasonal,prc0,0
02218565,wet,constant,first0day,Inf
02218565,wet,constant,prc0,0
02218565,wet,seasonal,first0day,Inf
02218565,wet,seasonal,prc0,0
02296750,dry,constant,first0day,497
02296750,dry,constant,prc0,0.031068493150684932
02296750,dry,seasonal,first0day,13657
02296750,dry,seasonal,prc0,7.123287671232877e-4
02296750,avg,constant,first0day,Inf
02296750,avg,constant,prc0,0
02296750,avg,seasonal,first0day,Inf
02296750,avg,seasonal,prc0,0
02296750,wet,constant,first0day,Inf
02296750,wet,constant,prc0,0
02296750,wet,seasonal,first0day,Inf
02296750,wet,seasonal,prc0,0
02298202,dry,constant,first0day,81
02298202,dry,constant,prc0,0.26975342465753427
02298202,dry,seasonal,first0day,109
02298202,dry,seasonal,prc0,0.20783561643835616
02298202,avg,constant,first0day,Inf
02298202,avg,constant,prc0,0
02298202,avg,seasonal,first0day,Inf
02298202,avg,seasonal,prc0,0
02298202,wet,constant,first0day,Inf
02298202,wet,constant,prc0,0
02298202,wet,seasonal,first0day,Inf
02298202,wet,seasonal,prc0,0
02330450,dry,constant,first0day,Inf
02330450,dry,constant,prc0,0
02330450,dry,seasonal,first0day,Inf
02330450,dry,seasonal,prc0,0
02330450,avg,constant,first0day,Inf
02330450,avg,constant,prc0,0
02330450,avg,seasonal,first0day,Inf
02330450,avg,seasonal,prc0,0
02330450,wet,constant,first0day,Inf
02330450,wet,constant,prc0,0
02330450,wet,seasonal,first0day,Inf
02330450,wet,seasonal,prc0,0
02334430,dry,constant,first0day,Inf
02334430,dry,constant,prc0,0
02334430,dry,seasonal,first0day,Inf
02334430,dry,seasonal,prc0,0
02334430,avg,constant,first0day,Inf
02334430,avg,constant,prc0,0
02334430,avg,seasonal,first0day,Inf
02334430,avg,seasonal,prc0,0
02334430,wet,constant,first0day,Inf
02334430,wet,constant,prc0,0
02334430,wet,seasonal,first0day,Inf
02334430,wet,seasonal,prc0,0
02334480,dry,constant,first0day,Inf
02334480,dry,constant,prc0,0
02334480,dry,seasonal,first0day,Inf
02334480,dry,seasonal,prc0,0
02334480,avg,constant,first0day,Inf
02334480,avg,constant,prc0,0
02334480,avg,seasonal,first0day,Inf
02334480,avg,seasonal,prc0,0
02334480,wet,constant,first0day,Inf
02334480,wet,constant,prc0,0
02334480,wet,seasonal,first0day,Inf
02334480,wet,seasonal,prc0,0
02334578,dry,constant,first0day,Inf
02334578,dry,constant,prc0,0
02334578,dry,seasonal,first0day,273
02334578,dry,seasonal,prc0,0.013808219178082191
02334578,avg,constant,first0day,Inf
02334578,avg,constant,prc0,0
02334578,avg,seasonal,first0day,Inf
02334578,avg,seasonal,prc0,0
02334578,wet,constant,first0day,Inf
02334578,wet,constant,prc0,0
02334578,wet,seasonal,first0day,Inf
02334578,wet,seasonal,prc0,0
02334885,dry,constant,first0day,Inf
02334885,dry,constant,prc0,0
02334885,dry,seasonal,first0day,597
02334885,dry,seasonal,prc0,0.008109589041095891
02334885,avg,constant,first0day,Inf
02334885,avg,constant,prc0,0
02334885,avg,seasonal,first0day,Inf
02334885,avg,seasonal,prc0,0
02334885,wet,constant,first0day,Inf
02334885,wet,constant,prc0,0
02334885,wet,seasonal,first0day,Inf
02334885,wet,seasonal,prc0,0
02335000,dry,constant,first0day,Inf
02335000,dry,constant,prc0,0
02335000,dry,seasonal,first0day,Inf
02335000,dry,seasonal,prc0,0
02335000,avg,constant,first0day,Inf
02335000,avg,constant,prc0,0
02335000,avg,seasonal,first0day,Inf
02335000,avg,seasonal,prc0,0
02335000,wet,constant,first0day,Inf
02335000,wet,constant,prc0,0
02335000,wet,seasonal,first0day,Inf
02335000,wet,seasonal,prc0,0
02335350,dry,constant,first0day,Inf
02335350,dry,constant,prc0,0
02335350,dry,seasonal,first0day,Inf
02335350,dry,seasonal,prc0,0
02335350,avg,constant,first0day,Inf
02335350,avg,constant,prc0,0
02335350,avg,seasonal,first0day,Inf
02335350,avg,seasonal,prc0,0
02335350,wet,constant,first0day,Inf
02335350,wet,constant,prc0,0
02335350,wet,seasonal,first0day,Inf
02335350,wet,seasonal,prc0,0
02336030,dry,constant,first0day,Inf
02336030,dry,constant,prc0,0
02336030,dry,seasonal,first0day,Inf
02336030,dry,seasonal,prc0,0
02336030,avg,constant,first0day,Inf
02336030,avg,constant,prc0,0
02336030,avg,seasonal,first0day,Inf
02336030,avg,seasonal,prc0,0
02336030,wet,constant,first0day,Inf
02336030,wet,constant,prc0,0
02336030,wet,seasonal,first0day,Inf
02336030,wet,seasonal,prc0,0
02336300,dry,constant,first0day,Inf
02336300,dry,constant,prc0,0
02336300,dry,seasonal,first0day,Inf
02336300,dry,seasonal,prc0,0
02336300,avg,constant,first0day,Inf
02336300,avg,constant,prc0,0
02336300,avg,seasonal,first0day,Inf
02336300,avg,seasonal,prc0,0
02336300,wet,constant,first0day,Inf
02336300,wet,constant,prc0,0
02336300,wet,seasonal,first0day,Inf
02336300,wet,seasonal,prc0,0
02336410,dry,constant,first0day,Inf
02336410,dry,constant,prc0,0
02336410,dry,seasonal,first0day,988
02336410,dry,seasonal,prc0,0.012383561643835616
02336410,avg,constant,first0day,Inf
02336410,avg,constant,prc0,0
02336410,avg,seasonal,first0day,Inf
02336410,avg,seasonal,prc0,0
02336410,wet,constant,first0day,Inf
02336410,wet,constant,prc0,0
02336410,wet,seasonal,first0day,Inf
02336410,wet,seasonal,prc0,0
02337170,dry,constant,first0day,Inf
02337170,dry,constant,prc0,0
02337170,dry,seasonal,first0day,Inf
02337170,dry,seasonal,prc0,0
02337170,avg,constant,first0day,Inf
02337170,avg,constant,prc0,0
02337170,avg,seasonal,first0day,Inf
02337170,avg,seasonal,prc0,0
02337170,wet,constant,first0day,Inf
02337170,wet,constant,prc0,0
02337170,wet,seasonal,first0day,Inf
02337170,wet,seasonal,prc0,0
02423130,dry,constant,first0day,182
02423130,dry,constant,prc0,0.4329315068493151
02423130,dry,seasonal,first0day,183
02423130,dry,seasonal,prc0,0.4193972602739726
02423130,avg,constant,first0day,Inf
02423130,avg,constant,prc0,0
02423130,avg,seasonal,first0day,Inf
02423130,avg,seasonal,prc0,0
02423130,wet,constant,first0day,Inf
02423130,wet,constant,prc0,0
02423130,wet,seasonal,first0day,Inf
02423130,wet,seasonal,prc0,0
02423496,dry,constant,first0day,656
02423496,dry,constant,prc0,0.19961643835616438
02423496,dry,seasonal,first0day,639
02423496,dry,seasonal,prc0,0.2335890410958904
02423496,avg,constant,first0day,Inf
02423496,avg,constant,prc0,0
02423496,avg,seasonal,first0day,Inf
02423496,avg,seasonal,prc0,0
02423496,wet,constant,first0day,Inf
02423496,wet,constant,prc0,0
02423496,wet,seasonal,first0day,Inf
02423496,wet,seasonal,prc0,0
02455980,dry,constant,first0day,Inf
02455980,dry,constant,prc0,0
02455980,dry,seasonal,first0day,Inf
02455980,dry,seasonal,prc0,0
02455980,avg,constant,first0day,Inf
02455980,avg,constant,prc0,0
02455980,avg,seasonal,first0day,Inf
02455980,avg,seasonal,prc0,0
02455980,wet,constant,first0day,Inf
02455980,wet,constant,prc0,0
02455980,wet,seasonal,first0day,Inf
02455980,wet,seasonal,prc0,0
02457595,dry,constant,first0day,Inf
02457595,dry,constant,prc0,0
02457595,dry,seasonal,first0day,Inf
02457595,dry,seasonal,prc0,0
02457595,avg,constant,first0day,Inf
02457595,avg,constant,prc0,0
02457595,avg,seasonal,first0day,Inf
02457595,avg,seasonal,prc0,0
02457595,wet,constant,first0day,Inf
02457595,wet,constant,prc0,0
02457595,wet,seasonal,first0day,Inf
02457595,wet,seasonal,prc0,0
02458450,dry,constant,first0day,Inf
02458450,dry,constant,prc0,0
02458450,dry,seasonal,first0day,Inf
02458450,dry,seasonal,prc0,0
02458450,avg,constant,first0day,Inf
02458450,avg,constant,prc0,0
02458450,avg,seasonal,first0day,Inf
02458450,avg,seasonal,prc0,0
02458450,wet,constant,first0day,Inf
02458450,wet,constant,prc0,0
02458450,wet,seasonal,first0day,Inf
02458450,wet,seasonal,prc0,0
03081000,dry,constant,first0day,Inf
03081000,dry,constant,prc0,0
03081000,dry,seasonal,first0day,Inf
03081000,dry,seasonal,prc0,0
03081000,avg,constant,first0day,Inf
03081000,avg,constant,prc0,0
03081000,avg,seasonal,first0day,Inf
03081000,avg,seasonal,prc0,0
03081000,wet,constant,first0day,Inf
03081000,wet,constant,prc0,0
03081000,wet,seasonal,first0day,Inf
03081000,wet,seasonal,prc0,0
03176500,dry,constant,first0day,Inf
03176500,dry,constant,prc0,0
03176500,dry,seasonal,first0day,Inf
03176500,dry,seasonal,prc0,0
03176500,avg,constant,first0day,Inf
03176500,avg,constant,prc0,0
03176500,avg,seasonal,first0day,Inf
03176500,avg,seasonal,prc0,0
03176500,wet,constant,first0day,Inf
03176500,wet,constant,prc0,0
03176500,wet,seasonal,first0day,Inf
03176500,wet,seasonal,prc0,0
03234300,dry,constant,first0day,Inf
03234300,dry,constant,prc0,0
03234300,dry,seasonal,first0day,262
03234300,dry,seasonal,prc0,0.08071232876712328
03234300,avg,constant,first0day,Inf
03234300,avg,constant,prc0,0
03234300,avg,seasonal,first0day,Inf
03234300,avg,seasonal,prc0,0
03234300,wet,constant,first0day,Inf
03234300,wet,constant,prc0,0
03234300,wet,seasonal,first0day,Inf
03234300,wet,seasonal,prc0,0
03323500,dry,constant,first0day,Inf
03323500,dry,constant,prc0,0
03323500,dry,seasonal,first0day,5722
03323500,dry,seasonal,prc0,0.004931506849315068
03323500,avg,constant,first0day,Inf
03323500,avg,constant,prc0,0
03323500,avg,seasonal,first0day,Inf
03323500,avg,seasonal,prc0,0
03323500,wet,constant,first0day,Inf
03323500,wet,constant,prc0,0
03323500,wet,seasonal,first0day,Inf
03323500,wet,seasonal,prc0,0
03428200,dry,constant,first0day,Inf
03428200,dry,constant,prc0,0
03428200,dry,seasonal,first0day,Inf
03428200,dry,seasonal,prc0,0
03428200,avg,constant,first0day,Inf
03428200,avg,constant,prc0,0
03428200,avg,seasonal,first0day,Inf
03428200,avg,seasonal,prc0,0
03428200,wet,constant,first0day,Inf
03428200,wet,constant,prc0,0
03428200,wet,seasonal,first0day,Inf
03428200,wet,seasonal,prc0,0
04121944,dry,constant,first0day,Inf
04121944,dry,constant,prc0,0
04121944,dry,seasonal,first0day,Inf
04121944,dry,seasonal,prc0,0
04121944,avg,constant,first0day,Inf
04121944,avg,constant,prc0,0
04121944,avg,seasonal,first0day,Inf
04121944,avg,seasonal,prc0,0
04121944,wet,constant,first0day,Inf
04121944,wet,constant,prc0,0
04121944,wet,seasonal,first0day,Inf
04121944,wet,seasonal,prc0,0
04121970,dry,constant,first0day,Inf
04121970,dry,constant,prc0,0
04121970,dry,seasonal,first0day,Inf
04121970,dry,seasonal,prc0,0
04121970,avg,constant,first0day,Inf
04121970,avg,constant,prc0,0
04121970,avg,seasonal,first0day,Inf
04121970,avg,seasonal,prc0,0
04121970,wet,constant,first0day,Inf
04121970,wet,constant,prc0,0
04121970,wet,seasonal,first0day,Inf
04121970,wet,seasonal,prc0,0
04124000,dry,constant,first0day,Inf
04124000,dry,constant,prc0,0
04124000,dry,seasonal,first0day,Inf
04124000,dry,seasonal,prc0,0
04124000,avg,constant,first0day,Inf
04124000,avg,constant,prc0,0
04124000,avg,seasonal,first0day,Inf
04124000,avg,seasonal,prc0,0
04124000,wet,constant,first0day,Inf
04124000,wet,constant,prc0,0
04124000,wet,seasonal,first0day,Inf
04124000,wet,seasonal,prc0,0
04124200,dry,constant,first0day,Inf
04124200,dry,constant,prc0,0
04124200,dry,seasonal,first0day,Inf
04124200,dry,seasonal,prc0,0
04124200,avg,constant,first0day,Inf
04124200,avg,constant,prc0,0
04124200,avg,seasonal,first0day,Inf
04124200,avg,seasonal,prc0,0
04124200,wet,constant,first0day,Inf
04124200,wet,constant,prc0,0
04124200,wet,seasonal,first0day,Inf
04124200,wet,seasonal,prc0,0
04125460,dry,constant,first0day,Inf
04125460,dry,constant,prc0,0
04125460,dry,seasonal,first0day,Inf
04125460,dry,seasonal,prc0,0
04125460,avg,constant,first0day,Inf
04125460,avg,constant,prc0,0
04125460,avg,seasonal,first0day,Inf
04125460,avg,seasonal,prc0,0
04125460,wet,constant,first0day,Inf
04125460,wet,constant,prc0,0
04125460,wet,seasonal,first0day,Inf
04125460,wet,seasonal,prc0,0
04125550,dry,constant,first0day,Inf
04125550,dry,constant,prc0,0
04125550,dry,seasonal,first0day,Inf
04125550,dry,seasonal,prc0,0
04125550,avg,constant,first0day,Inf
04125550,avg,constant,prc0,0
04125550,avg,seasonal,first0day,Inf
04125550,avg,seasonal,prc0,0
04125550,wet,constant,first0day,Inf
04125550,wet,constant,prc0,0
04125550,wet,seasonal,first0day,Inf
04125550,wet,seasonal,prc0,0
04136000,dry,constant,first0day,Inf
04136000,dry,constant,prc0,0
04136000,dry,seasonal,first0day,Inf
04136000,dry,seasonal,prc0,0
04136000,avg,constant,first0day,Inf
04136000,avg,constant,prc0,0
04136000,avg,seasonal,first0day,Inf
04136000,avg,seasonal,prc0,0
04136000,wet,constant,first0day,Inf
04136000,wet,constant,prc0,0
04136000,wet,seasonal,first0day,Inf
04136000,wet,seasonal,prc0,0
04136500,dry,constant,first0day,Inf
04136500,dry,constant,prc0,0
04136500,dry,seasonal,first0day,Inf
04136500,dry,seasonal,prc0,0
04136500,avg,constant,first0day,Inf
04136500,avg,constant,prc0,0
04136500,avg,seasonal,first0day,Inf
04136500,avg,seasonal,prc0,0
04136500,wet,constant,first0day,Inf
04136500,wet,constant,prc0,0
04136500,wet,seasonal,first0day,Inf
04136500,wet,seasonal,prc0,0
04136900,dry,constant,first0day,Inf
04136900,dry,constant,prc0,0
04136900,dry,seasonal,first0day,Inf
04136900,dry,seasonal,prc0,0
04136900,avg,constant,first0day,Inf
04136900,avg,constant,prc0,0
04136900,avg,seasonal,first0day,Inf
04136900,avg,seasonal,prc0,0
04136900,wet,constant,first0day,Inf
04136900,wet,constant,prc0,0
04136900,wet,seasonal,first0day,Inf
04136900,wet,seasonal,prc0,0
04137005,dry,constant,first0day,Inf
04137005,dry,constant,prc0,0
04137005,dry,seasonal,first0day,Inf
04137005,dry,seasonal,prc0,0
04137005,avg,constant,first0day,Inf
04137005,avg,constant,prc0,0
04137005,avg,seasonal,first0day,Inf
04137005,avg,seasonal,prc0,0
04137005,wet,constant,first0day,Inf
04137005,wet,constant,prc0,0
04137005,wet,seasonal,first0day,Inf
04137005,wet,seasonal,prc0,0
04137500,dry,constant,first0day,Inf
04137500,dry,constant,prc0,0
04137500,dry,seasonal,first0day,Inf
04137500,dry,seasonal,prc0,0
04137500,avg,constant,first0day,Inf
04137500,avg,constant,prc0,0
04137500,avg,seasonal,first0day,Inf
04137500,avg,seasonal,prc0,0
04137500,wet,constant,first0day,Inf
04137500,wet,constant,prc0,0
04137500,wet,seasonal,first0day,Inf
04137500,wet,seasonal,prc0,0
04208000,dry,constant,first0day,Inf
04208000,dry,constant,prc0,0
04208000,dry,seasonal,first0day,Inf
04208000,dry,seasonal,prc0,0
04208000,avg,constant,first0day,Inf
04208000,avg,constant,prc0,0
04208000,avg,seasonal,first0day,Inf
04208000,avg,seasonal,prc0,0
04208000,wet,constant,first0day,Inf
04208000,wet,constant,prc0,0
04208000,wet,seasonal,first0day,Inf
04208000,wet,seasonal,prc0,0
04232034,dry,constant,first0day,Inf
04232034,dry,constant,prc0,0
04232034,dry,seasonal,first0day,Inf
04232034,dry,seasonal,prc0,0
04232034,avg,constant,first0day,Inf
04232034,avg,constant,prc0,0
04232034,avg,seasonal,first0day,Inf
04232034,avg,seasonal,prc0,0
04232034,wet,constant,first0day,Inf
04232034,wet,constant,prc0,0
04232034,wet,seasonal,first0day,Inf
04232034,wet,seasonal,prc0,0
05430500,dry,constant,first0day,Inf
05430500,dry,constant,prc0,0
05430500,dry,seasonal,first0day,Inf
05430500,dry,seasonal,prc0,0
05430500,avg,constant,first0day,Inf
05430500,avg,constant,prc0,0
05430500,avg,seasonal,first0day,Inf
05430500,avg,seasonal,prc0,0
05430500,wet,constant,first0day,Inf
05430500,wet,constant,prc0,0
05430500,wet,seasonal,first0day,Inf
05430500,wet,seasonal,prc0,0
05435943,dry,constant,first0day,Inf
05435943,dry,constant,prc0,0
05435943,dry,seasonal,first0day,Inf
05435943,dry,seasonal,prc0,0
05435943,avg,constant,first0day,Inf
05435943,avg,constant,prc0,0
05435943,avg,seasonal,first0day,Inf
05435943,avg,seasonal,prc0,0
05435943,wet,constant,first0day,Inf
05435943,wet,constant,prc0,0
05435943,wet,seasonal,first0day,Inf
05435943,wet,seasonal,prc0,0
05454500,dry,constant,first0day,Inf
05454500,dry,constant,prc0,0
05454500,dry,seasonal,first0day,244
05454500,dry,seasonal,prc0,0.09939726027397261
05454500,avg,constant,first0day,Inf
05454500,avg,constant,prc0,0
05454500,avg,seasonal,first0day,Inf
05454500,avg,seasonal,prc0,0
05454500,wet,constant,first0day,Inf
05454500,wet,constant,prc0,0
05454500,wet,seasonal,first0day,Inf
05454500,wet,seasonal,prc0,0
05462000,dry,constant,first0day,Inf
05462000,dry,constant,prc0,0
05462000,dry,seasonal,first0day,Inf
05462000,dry,seasonal,prc0,0
05462000,avg,constant,first0day,Inf
05462000,avg,constant,prc0,0
05462000,avg,seasonal,first0day,Inf
05462000,avg,seasonal,prc0,0
05462000,wet,constant,first0day,Inf
05462000,wet,constant,prc0,0
05462000,wet,seasonal,first0day,Inf
05462000,wet,seasonal,prc0,0
06036905,dry,constant,first0day,Inf
06036905,dry,constant,prc0,0
06036905,dry,seasonal,first0day,Inf
06036905,dry,seasonal,prc0,0
06036905,avg,constant,first0day,Inf
06036905,avg,constant,prc0,0
06036905,avg,seasonal,first0day,Inf
06036905,avg,seasonal,prc0,0
06036905,wet,constant,first0day,Inf
06036905,wet,constant,prc0,0
06036905,wet,seasonal,first0day,Inf
06036905,wet,seasonal,prc0,0
06041000,dry,constant,first0day,Inf
06041000,dry,constant,prc0,0
06041000,dry,seasonal,first0day,Inf
06041000,dry,seasonal,prc0,0
06041000,avg,constant,first0day,Inf
06041000,avg,constant,prc0,0
06041000,avg,seasonal,first0day,Inf
06041000,avg,seasonal,prc0,0
06041000,wet,constant,first0day,Inf
06041000,wet,constant,prc0,0
06041000,wet,seasonal,first0day,Inf
06041000,wet,seasonal,prc0,0
06711565,dry,constant,first0day,Inf
06711565,dry,constant,prc0,0
06711565,dry,seasonal,first0day,Inf
06711565,dry,seasonal,prc0,0
06711565,avg,constant,first0day,Inf
06711565,avg,constant,prc0,0
06711565,avg,seasonal,first0day,Inf
06711565,avg,seasonal,prc0,0
06711565,wet,constant,first0day,Inf
06711565,wet,constant,prc0,0
06711565,wet,seasonal,first0day,Inf
06711565,wet,seasonal,prc0,0
06775500,dry,constant,first0day,Inf
06775500,dry,constant,prc0,0
06775500,dry,seasonal,first0day,Inf
06775500,dry,seasonal,prc0,0
06775500,avg,constant,first0day,Inf
06775500,avg,constant,prc0,0
06775500,avg,seasonal,first0day,Inf
06775500,avg,seasonal,prc0,0
06775500,wet,constant,first0day,Inf
06775500,wet,constant,prc0,0
06775500,wet,seasonal,first0day,Inf
06775500,wet,seasonal,prc0,0
06881000,dry,constant,first0day,Inf
06881000,dry,constant,prc0,0
06881000,dry,seasonal,first0day,Inf
06881000,dry,seasonal,prc0,0
06881000,avg,constant,first0day,Inf
06881000,avg,constant,prc0,0
06881000,avg,seasonal,first0day,Inf
06881000,avg,seasonal,prc0,0
06881000,wet,constant,first0day,Inf
06881000,wet,constant,prc0,0
06881000,wet,seasonal,first0day,Inf
06881000,wet,seasonal,prc0,0
06894000,dry,constant,first0day,Inf
06894000,dry,constant,prc0,0
06894000,dry,seasonal,first0day,Inf
06894000,dry,seasonal,prc0,0
06894000,avg,constant,first0day,Inf
06894000,avg,constant,prc0,0
06894000,avg,seasonal,first0day,Inf
06894000,avg,seasonal,prc0,0
06894000,wet,constant,first0day,Inf
06894000,wet,constant,prc0,0
06894000,wet,seasonal,first0day,Inf
06894000,wet,seasonal,prc0,0
07056515,dry,constant,first0day,8671
07056515,dry,constant,prc0,0.004547945205479452
07056515,dry,seasonal,first0day,11956
07056515,dry,seasonal,prc0,0.002356164383561644
07056515,avg,constant,first0day,Inf
07056515,avg,constant,prc0,0
07056515,avg,seasonal,first0day,Inf
07056515,avg,seasonal,prc0,0
07056515,wet,constant,first0day,Inf
07056515,wet,constant,prc0,0
07056515,wet,seasonal,first0day,Inf
07056515,wet,seasonal,prc0,0
07086000,dry,constant,first0day,Inf
07086000,dry,constant,prc0,0
07086000,dry,seasonal,first0day,Inf
07086000,dry,seasonal,prc0,0
07086000,avg,constant,first0day,Inf
07086000,avg,constant,prc0,0
07086000,avg,seasonal,first0day,Inf
07086000,avg,seasonal,prc0,0
07086000,wet,constant,first0day,Inf
07086000,wet,constant,prc0,0
07086000,wet,seasonal,first0day,Inf
07086000,wet,seasonal,prc0,0
07096000,dry,constant,first0day,Inf
07096000,dry,constant,prc0,0
07096000,dry,seasonal,first0day,Inf
07096000,dry,seasonal,prc0,0
07096000,avg,constant,first0day,Inf
07096000,avg,constant,prc0,0
07096000,avg,seasonal,first0day,Inf
07096000,avg,seasonal,prc0,0
07096000,wet,constant,first0day,Inf
07096000,wet,constant,prc0,0
07096000,wet,seasonal,first0day,Inf
07096000,wet,seasonal,prc0,0
07106000,dry,constant,first0day,Inf
07106000,dry,constant,prc0,0
07106000,dry,seasonal,first0day,Inf
07106000,dry,seasonal,prc0,0
07106000,avg,constant,first0day,Inf
07106000,avg,constant,prc0,0
07106000,avg,seasonal,first0day,Inf
07106000,avg,seasonal,prc0,0
07106000,wet,constant,first0day,Inf
07106000,wet,constant,prc0,0
07106000,wet,seasonal,first0day,Inf
07106000,wet,seasonal,prc0,0
07106500,dry,constant,first0day,Inf
07106500,dry,constant,prc0,0
07106500,dry,seasonal,first0day,Inf
07106500,dry,seasonal,prc0,0
07106500,avg,constant,first0day,Inf
07106500,avg,constant,prc0,0
07106500,avg,seasonal,first0day,Inf
07106500,avg,seasonal,prc0,0
07106500,wet,constant,first0day,Inf
07106500,wet,constant,prc0,0
07106500,wet,seasonal,first0day,Inf
07106500,wet,seasonal,prc0,0
07144100,dry,constant,first0day,3124
07144100,dry,constant,prc0,0.0063561643835616435
07144100,dry,seasonal,first0day,189
07144100,dry,seasonal,prc0,0.11424657534246575
07144100,avg,constant,first0day,Inf
07144100,avg,constant,prc0,0
07144100,avg,seasonal,first0day,Inf
07144100,avg,seasonal,prc0,0
07144100,wet,constant,first0day,Inf
07144100,wet,constant,prc0,0
07144100,wet,seasonal,first0day,Inf
07144100,wet,seasonal,prc0,0
07144780,dry,constant,first0day,Inf
07144780,dry,constant,prc0,0
07144780,dry,seasonal,first0day,Inf
07144780,dry,seasonal,prc0,0
07144780,avg,constant,first0day,Inf
07144780,avg,constant,prc0,0
07144780,avg,seasonal,first0day,Inf
07144780,avg,seasonal,prc0,0
07144780,wet,constant,first0day,Inf
07144780,wet,constant,prc0,0
07144780,wet,seasonal,first0day,Inf
07144780,wet,seasonal,prc0,0
07177500,dry,constant,first0day,Inf
07177500,dry,constant,prc0,0
07177500,dry,seasonal,first0day,Inf
07177500,dry,seasonal,prc0,0
07177500,avg,constant,first0day,Inf
07177500,avg,constant,prc0,0
07177500,avg,seasonal,first0day,Inf
07177500,avg,seasonal,prc0,0
07177500,wet,constant,first0day,Inf
07177500,wet,constant,prc0,0
07177500,wet,seasonal,first0day,Inf
07177500,wet,seasonal,prc0,0
07178200,dry,constant,first0day,Inf
07178200,dry,constant,prc0,0
07178200,dry,seasonal,first0day,Inf
07178200,dry,seasonal,prc0,0
07178200,avg,constant,first0day,Inf
07178200,avg,constant,prc0,0
07178200,avg,seasonal,first0day,Inf
07178200,avg,seasonal,prc0,0
07178200,wet,constant,first0day,Inf
07178200,wet,constant,prc0,0
07178200,wet,seasonal,first0day,Inf
07178200,wet,seasonal,prc0,0
07312100,dry,constant,first0day,33
07312100,dry,constant,prc0,0.9513972602739726
07312100,dry,seasonal,first0day,145
07312100,dry,seasonal,prc0,0.9471780821917808
07312100,avg,constant,first0day,305
07312100,avg,constant,prc0,0.4917808219178082
07312100,avg,seasonal,first0day,314
07312100,avg,seasonal,prc0,0.44010958904109587
07312100,wet,constant,first0day,Inf
07312100,wet,constant,prc0,0
07312100,wet,seasonal,first0day,Inf
07312100,wet,seasonal,prc0,0
07312500,dry,constant,first0day,Inf
07312500,dry,constant,prc0,0
07312500,dry,seasonal,first0day,Inf
07312500,dry,seasonal,prc0,0
07312500,avg,constant,first0day,Inf
07312500,avg,constant,prc0,0
07312500,avg,seasonal,first0day,Inf
07312500,avg,seasonal,prc0,0
07312500,wet,constant,first0day,Inf
07312500,wet,constant,prc0,0
07312500,wet,seasonal,first0day,Inf
07312500,wet,seasonal,prc0,0
08049500,dry,constant,first0day,Inf
08049500,dry,constant,prc0,0
08049500,dry,seasonal,first0day,Inf
08049500,dry,seasonal,prc0,0
08049500,avg,constant,first0day,Inf
08049500,avg,constant,prc0,0
08049500,avg,seasonal,first0day,Inf
08049500,avg,seasonal,prc0,0
08049500,wet,constant,first0day,Inf
08049500,wet,constant,prc0,0
08049500,wet,seasonal,first0day,Inf
08049500,wet,seasonal,prc0,0
08068400,dry,constant,first0day,Inf
08068400,dry,constant,prc0,0
08068400,dry,seasonal,first0day,Inf
08068400,dry,seasonal,prc0,0
08068400,avg,constant,first0day,Inf
08068400,avg,constant,prc0,0
08068400,avg,seasonal,first0day,Inf
08068400,avg,seasonal,prc0,0
08068400,wet,constant,first0day,Inf
08068400,wet,constant,prc0,0
08068400,wet,seasonal,first0day,Inf
08068400,wet,seasonal,prc0,0
08068500,dry,constant,first0day,Inf
08068500,dry,constant,prc0,0
08068500,dry,seasonal,first0day,Inf
08068500,dry,seasonal,prc0,0
08068500,avg,constant,first0day,Inf
08068500,avg,constant,prc0,0
08068500,avg,seasonal,first0day,Inf
08068500,avg,seasonal,prc0,0
08068500,wet,constant,first0day,Inf
08068500,wet,constant,prc0,0
08068500,wet,seasonal,first0day,Inf
08068500,wet,seasonal,prc0,0
08070200,dry,constant,first0day,Inf
08070200,dry,constant,prc0,0
08070200,dry,seasonal,first0day,Inf
08070200,dry,seasonal,prc0,0
08070200,avg,constant,first0day,Inf
08070200,avg,constant,prc0,0
08070200,avg,seasonal,first0day,Inf
08070200,avg,seasonal,prc0,0
08070200,wet,constant,first0day,Inf
08070200,wet,constant,prc0,0
08070200,wet,seasonal,first0day,Inf
08070200,wet,seasonal,prc0,0
08181500,dry,constant,first0day,Inf
08181500,dry,constant,prc0,0
08181500,dry,seasonal,first0day,Inf
08181500,dry,seasonal,prc0,0
08181500,avg,constant,first0day,Inf
08181500,avg,constant,prc0,0
08181500,avg,seasonal,first0day,Inf
08181500,avg,seasonal,prc0,0
08181500,wet,constant,first0day,Inf
08181500,wet,constant,prc0,0
08181500,wet,seasonal,first0day,Inf
08181500,wet,seasonal,prc0,0
08181800,dry,constant,first0day,Inf
08181800,dry,constant,prc0,0
08181800,dry,seasonal,first0day,Inf
08181800,dry,seasonal,prc0,0
08181800,avg,constant,first0day,Inf
08181800,avg,constant,prc0,0
08181800,avg,seasonal,first0day,Inf
08181800,avg,seasonal,prc0,0
08181800,wet,constant,first0day,Inf
08181800,wet,constant,prc0,0
08181800,wet,seasonal,first0day,Inf
08181800,wet,seasonal,prc0,0
09105000,dry,constant,first0day,Inf
09105000,dry,constant,prc0,0
09105000,dry,seasonal,first0day,Inf
09105000,dry,seasonal,prc0,0
09105000,avg,constant,first0day,Inf
09105000,avg,constant,prc0,0
09105000,avg,seasonal,first0day,Inf
09105000,avg,seasonal,prc0,0
09105000,wet,constant,first0day,Inf
09105000,wet,constant,prc0,0
09105000,wet,seasonal,first0day,Inf
09105000,wet,seasonal,prc0,0
09169500,dry,constant,first0day,Inf
09169500,dry,constant,prc0,0
09169500,dry,seasonal,first0day,Inf
09169500,dry,seasonal,prc0,0
09169500,avg,constant,first0day,Inf
09169500,avg,constant,prc0,0
09169500,avg,seasonal,first0day,Inf
09169500,avg,seasonal,prc0,0
09169500,wet,constant,first0day,Inf
09169500,wet,constant,prc0,0
09169500,wet,seasonal,first0day,Inf
09169500,wet,seasonal,prc0,0
09171100,dry,constant,first0day,Inf
09171100,dry,constant,prc0,0
09171100,dry,seasonal,first0day,Inf
09171100,dry,seasonal,prc0,0
09171100,avg,constant,first0day,Inf
09171100,avg,constant,prc0,0
09171100,avg,seasonal,first0day,Inf
09171100,avg,seasonal,prc0,0
09171100,wet,constant,first0day,Inf
09171100,wet,constant,prc0,0
09171100,wet,seasonal,first0day,Inf
09171100,wet,seasonal,prc0,0
09302000,dry,constant,first0day,Inf
09302000,dry,constant,prc0,0
09302000,dry,seasonal,first0day,Inf
09302000,dry,seasonal,prc0,0
09302000,avg,constant,first0day,Inf
09302000,avg,constant,prc0,0
09302000,avg,seasonal,first0day,Inf
09302000,avg,seasonal,prc0,0
09302000,wet,constant,first0day,Inf
09302000,wet,constant,prc0,0
09302000,wet,seasonal,first0day,Inf
09302000,wet,seasonal,prc0,0
09371492,dry,constant,first0day,Inf
09371492,dry,constant,prc0,0
09371492,dry,seasonal,first0day,Inf
09371492,dry,seasonal,prc0,0
09371492,avg,constant,first0day,Inf
09371492,avg,constant,prc0,0
09371492,avg,seasonal,first0day,Inf
09371492,avg,seasonal,prc0,0
09371492,wet,constant,first0day,Inf
09371492,wet,constant,prc0,0
09371492,wet,seasonal,first0day,Inf
09371492,wet,seasonal,prc0,0
09371520,dry,constant,first0day,Inf
09371520,dry,constant,prc0,0
09371520,dry,seasonal,first0day,Inf
09371520,dry,seasonal,prc0,0
09371520,avg,constant,first0day,Inf
09371520,avg,constant,prc0,0
09371520,avg,seasonal,first0day,Inf
09371520,avg,seasonal,prc0,0
09371520,wet,constant,first0day,Inf
09371520,wet,constant,prc0,0
09371520,wet,seasonal,first0day,Inf
09371520,wet,seasonal,prc0,0
09406000,dry,constant,first0day,Inf
09406000,dry,constant,prc0,0
09406000,dry,seasonal,first0day,Inf
09406000,dry,seasonal,prc0,0
09406000,avg,constant,first0day,Inf
09406000,avg,constant,prc0,0
09406000,avg,seasonal,first0day,Inf
09406000,avg,seasonal,prc0,0
09406000,wet,constant,first0day,Inf
09406000,wet,constant,prc0,0
09406000,wet,seasonal,first0day,Inf
09406000,wet,seasonal,prc0,0
10129900,dry,constant,first0day,Inf
10129900,dry,constant,prc0,0
10129900,dry,seasonal,first0day,Inf
10129900,dry,seasonal,prc0,0
10129900,avg,constant,first0day,Inf
10129900,avg,constant,prc0,0
10129900,avg,seasonal,first0day,Inf
10129900,avg,seasonal,prc0,0
10129900,wet,constant,first0day,Inf
10129900,wet,constant,prc0,0
10129900,wet,seasonal,first0day,Inf
10129900,wet,seasonal,prc0,0
10133800,dry,constant,first0day,Inf
10133800,dry,constant,prc0,0
10133800,dry,seasonal,first0day,Inf
10133800,dry,seasonal,prc0,0
10133800,avg,constant,first0day,Inf
10133800,avg,constant,prc0,0
10133800,avg,seasonal,first0day,Inf
10133800,avg,seasonal,prc0,0
10133800,wet,constant,first0day,Inf
10133800,wet,constant,prc0,0
10133800,wet,seasonal,first0day,Inf
10133800,wet,seasonal,prc0,0
10261500,dry,constant,first0day,Inf
10261500,dry,constant,prc0,0
10261500,dry,seasonal,first0day,Inf
10261500,dry,seasonal,prc0,0
10261500,avg,constant,first0day,Inf
10261500,avg,constant,prc0,0
10261500,avg,seasonal,first0day,Inf
10261500,avg,seasonal,prc0,0
10261500,wet,constant,first0day,Inf
10261500,wet,constant,prc0,0
10261500,wet,seasonal,first0day,Inf
10261500,wet,seasonal,prc0,0
10301500,dry,constant,first0day,Inf
10301500,dry,constant,prc0,0
10301500,dry,seasonal,first0day,Inf
10301500,dry,seasonal,prc0,0
10301500,avg,constant,first0day,Inf
10301500,avg,constant,prc0,0
10301500,avg,seasonal,first0day,Inf
10301500,avg,seasonal,prc0,0
10301500,wet,constant,first0day,Inf
10301500,wet,constant,prc0,0
10301500,wet,seasonal,first0day,Inf
10301500,wet,seasonal,prc0,0
10343500,dry,constant,first0day,Inf
10343500,dry,constant,prc0,0
10343500,dry,seasonal,first0day,Inf
10343500,dry,seasonal,prc0,0
10343500,avg,constant,first0day,Inf
10343500,avg,constant,prc0,0
10343500,avg,seasonal,first0day,Inf
10343500,avg,seasonal,prc0,0
10343500,wet,constant,first0day,Inf
10343500,wet,constant,prc0,0
10343500,wet,seasonal,first0day,Inf
10343500,wet,seasonal,prc0,0
10348200,dry,constant,first0day,248
10348200,dry,constant,prc0,0.10504109589041095
10348200,dry,seasonal,first0day,240
10348200,dry,seasonal,prc0,0.1418082191780822
10348200,avg,constant,first0day,Inf
10348200,avg,constant,prc0,0
10348200,avg,seasonal,first0day,Inf
10348200,avg,seasonal,prc0,0
10348200,wet,constant,first0day,Inf
10348200,wet,constant,prc0,0
10348200,wet,seasonal,first0day,Inf
10348200,wet,seasonal,prc0,0
10351650,dry,constant,first0day,Inf
10351650,dry,constant,prc0,0
10351650,dry,seasonal,first0day,Inf
10351650,dry,seasonal,prc0,0
10351650,avg,constant,first0day,Inf
10351650,avg,constant,prc0,0
10351650,avg,seasonal,first0day,Inf
10351650,avg,seasonal,prc0,0
10351650,wet,constant,first0day,Inf
10351650,wet,constant,prc0,0
10351650,wet,seasonal,first0day,Inf
10351650,wet,seasonal,prc0,0
10351700,dry,constant,first0day,Inf
10351700,dry,constant,prc0,0
10351700,dry,seasonal,first0day,Inf
10351700,dry,seasonal,prc0,0
10351700,avg,constant,first0day,Inf
10351700,avg,constant,prc0,0
10351700,avg,seasonal,first0day,Inf
10351700,avg,seasonal,prc0,0
10351700,wet,constant,first0day,Inf
10351700,wet,constant,prc0,0
10351700,wet,seasonal,first0day,Inf
10351700,wet,seasonal,prc0,0
11044000,dry,constant,first0day,Inf
11044000,dry,constant,prc0,0
11044000,dry,seasonal,first0day,Inf
11044000,dry,seasonal,prc0,0
11044000,avg,constant,first0day,Inf
11044000,avg,constant,prc0,0
11044000,avg,seasonal,first0day,Inf
11044000,avg,seasonal,prc0,0
11044000,wet,constant,first0day,Inf
11044000,wet,constant,prc0,0
11044000,wet,seasonal,first0day,Inf
11044000,wet,seasonal,prc0,0
11074000,dry,constant,first0day,Inf
11074000,dry,constant,prc0,0
11074000,dry,seasonal,first0day,Inf
11074000,dry,seasonal,prc0,0
11074000,avg,constant,first0day,Inf
11074000,avg,constant,prc0,0
11074000,avg,seasonal,first0day,Inf
11074000,avg,seasonal,prc0,0
11074000,wet,constant,first0day,Inf
11074000,wet,constant,prc0,0
11074000,wet,seasonal,first0day,Inf
11074000,wet,seasonal,prc0,0
11111500,dry,constant,first0day,250
11111500,dry,constant,prc0,0.350958904109589
11111500,dry,seasonal,first0day,250
11111500,dry,seasonal,prc0,0.34586301369863015
11111500,avg,constant,first0day,Inf
11111500,avg,constant,prc0,0
11111500,avg,seasonal,first0day,Inf
11111500,avg,seasonal,prc0,0
11111500,wet,constant,first0day,Inf
11111500,wet,constant,prc0,0
11111500,wet,seasonal,first0day,Inf
11111500,wet,seasonal,prc0,0
11176900,dry,constant,first0day,Inf
11176900,dry,constant,prc0,0
11176900,dry,seasonal,first0day,Inf
11176900,dry,seasonal,prc0,0
11176900,avg,constant,first0day,Inf
11176900,avg,constant,prc0,0
11176900,avg,seasonal,first0day,Inf
11176900,avg,seasonal,prc0,0
11176900,wet,constant,first0day,Inf
11176900,wet,constant,prc0,0
11176900,wet,seasonal,first0day,Inf
11176900,wet,seasonal,prc0,0
11203580,dry,constant,first0day,Inf
11203580,dry,constant,prc0,0
11203580,dry,seasonal,first0day,Inf
11203580,dry,seasonal,prc0,0
11203580,avg,constant,first0day,Inf
11203580,avg,constant,prc0,0
11203580,avg,seasonal,first0day,Inf
11203580,avg,seasonal,prc0,0
11203580,wet,constant,first0day,Inf
11203580,wet,constant,prc0,0
11203580,wet,seasonal,first0day,Inf
11203580,wet,seasonal,prc0,0
11204100,dry,constant,first0day,185
11204100,dry,constant,prc0,0.2561095890410959
11204100,dry,seasonal,first0day,187
11204100,dry,seasonal,prc0,0.25452054794520546
11204100,avg,constant,first0day,Inf
11204100,avg,constant,prc0,0
11204100,avg,seasonal,first0day,Inf
11204100,avg,seasonal,prc0,0
11204100,wet,constant,first0day,Inf
11204100,wet,constant,prc0,0
11204100,wet,seasonal,first0day,Inf
11204100,wet,seasonal,prc0,0
11251000,dry,constant,first0day,Inf
11251000,dry,constant,prc0,0
11251000,dry,seasonal,first0day,Inf
11251000,dry,seasonal,prc0,0
11251000,avg,constant,first0day,Inf
11251000,avg,constant,prc0,0
11251000,avg,seasonal,first0day,Inf
11251000,avg,seasonal,prc0,0
11251000,wet,constant,first0day,Inf
11251000,wet,constant,prc0,0
11251000,wet,seasonal,first0day,Inf
11251000,wet,seasonal,prc0,0
11274538,dry,constant,first0day,1
11274538,dry,constant,prc0,0.9823561643835617
11274538,dry,seasonal,first0day,1
11274538,dry,seasonal,prc0,0.981972602739726
11274538,avg,constant,first0day,Inf
11274538,avg,constant,prc0,0
11274538,avg,seasonal,first0day,Inf
11274538,avg,seasonal,prc0,0
11274538,wet,constant,first0day,Inf
11274538,wet,constant,prc0,0
11274538,wet,seasonal,first0day,Inf
11274538,wet,seasonal,prc0,0
11276500,dry,constant,first0day,Inf
11276500,dry,constant,prc0,0
11276500,dry,seasonal,first0day,Inf
11276500,dry,seasonal,prc0,0
11276500,avg,constant,first0day,Inf
11276500,avg,constant,prc0,0
11276500,avg,seasonal,first0day,Inf
11276500,avg,seasonal,prc0,0
11276500,wet,constant,first0day,Inf
11276500,wet,constant,prc0,0
11276500,wet,seasonal,first0day,Inf
11276500,wet,seasonal,prc0,0
11276600,dry,constant,first0day,Inf
11276600,dry,constant,prc0,0
11276600,dry,seasonal,first0day,Inf
11276600,dry,seasonal,prc0,0
11276600,avg,constant,first0day,Inf
11276600,avg,constant,prc0,0
11276600,avg,seasonal,first0day,Inf
11276600,avg,seasonal,prc0,0
11276600,wet,constant,first0day,Inf
11276600,wet,constant,prc0,0
11276600,wet,seasonal,first0day,Inf
11276600,wet,seasonal,prc0,0
11289650,dry,constant,first0day,10123
11289650,dry,constant,prc0,0.004547945205479452
11289650,dry,seasonal,first0day,1362
11289650,dry,seasonal,prc0,0.030136986301369864
11289650,avg,constant,first0day,Inf
11289650,avg,constant,prc0,0
11289650,avg,seasonal,first0day,Inf
11289650,avg,seasonal,prc0,0
11289650,wet,constant,first0day,Inf
11289650,wet,constant,prc0,0
11289650,wet,seasonal,first0day,Inf
11289650,wet,seasonal,prc0,0
11302000,dry,constant,first0day,Inf
11302000,dry,constant,prc0,0
11302000,dry,seasonal,first0day,Inf
11302000,dry,seasonal,prc0,0
11302000,avg,constant,first0day,Inf
11302000,avg,constant,prc0,0
11302000,avg,seasonal,first0day,Inf
11302000,avg,seasonal,prc0,0
11302000,wet,constant,first0day,Inf
11302000,wet,constant,prc0,0
11302000,wet,seasonal,first0day,Inf
11302000,wet,seasonal,prc0,0
11303000,dry,constant,first0day,Inf
11303000,dry,constant,prc0,0
11303000,dry,seasonal,first0day,Inf
11303000,dry,seasonal,prc0,0
11303000,avg,constant,first0day,Inf
11303000,avg,constant,prc0,0
11303000,avg,seasonal,first0day,Inf
11303000,avg,seasonal,prc0,0
11303000,wet,constant,first0day,Inf
11303000,wet,constant,prc0,0
11303000,wet,seasonal,first0day,Inf
11303000,wet,seasonal,prc0,0
11319500,dry,constant,first0day,Inf
11319500,dry,constant,prc0,0
11319500,dry,seasonal,first0day,Inf
11319500,dry,seasonal,prc0,0
11319500,avg,constant,first0day,Inf
11319500,avg,constant,prc0,0
11319500,avg,seasonal,first0day,Inf
11319500,avg,seasonal,prc0,0
11319500,wet,constant,first0day,Inf
11319500,wet,constant,prc0,0
11319500,wet,seasonal,first0day,Inf
11319500,wet,seasonal,prc0,0
11325500,dry,constant,first0day,Inf
11325500,dry,constant,prc0,0
11325500,dry,seasonal,first0day,Inf
11325500,dry,seasonal,prc0,0
11325500,avg,constant,first0day,Inf
11325500,avg,constant,prc0,0
11325500,avg,seasonal,first0day,Inf
11325500,avg,seasonal,prc0,0
11325500,wet,constant,first0day,Inf
11325500,wet,constant,prc0,0
11325500,wet,seasonal,first0day,Inf
11325500,wet,seasonal,prc0,0
11342000,dry,constant,first0day,Inf
11342000,dry,constant,prc0,0
11342000,dry,seasonal,first0day,Inf
11342000,dry,seasonal,prc0,0
11342000,avg,constant,first0day,Inf
11342000,avg,constant,prc0,0
11342000,avg,seasonal,first0day,Inf
11342000,avg,seasonal,prc0,0
11342000,wet,constant,first0day,Inf
11342000,wet,constant,prc0,0
11342000,wet,seasonal,first0day,Inf
11342000,wet,seasonal,prc0,0
11381500,dry,constant,first0day,Inf
11381500,dry,constant,prc0,0
11381500,dry,seasonal,first0day,Inf
11381500,dry,seasonal,prc0,0
11381500,avg,constant,first0day,Inf
11381500,avg,constant,prc0,0
11381500,avg,seasonal,first0day,Inf
11381500,avg,seasonal,prc0,0
11381500,wet,constant,first0day,Inf
11381500,wet,constant,prc0,0
11381500,wet,seasonal,first0day,Inf
11381500,wet,seasonal,prc0,0
11383500,dry,constant,first0day,Inf
11383500,dry,constant,prc0,0
11383500,dry,seasonal,first0day,Inf
11383500,dry,seasonal,prc0,0
11383500,avg,constant,first0day,Inf
11383500,avg,constant,prc0,0
11383500,avg,seasonal,first0day,Inf
11383500,avg,seasonal,prc0,0
11383500,wet,constant,first0day,Inf
11383500,wet,constant,prc0,0
11383500,wet,seasonal,first0day,Inf
11383500,wet,seasonal,prc0,0
11390000,dry,constant,first0day,Inf
11390000,dry,constant,prc0,0
11390000,dry,seasonal,first0day,Inf
11390000,dry,seasonal,prc0,0
11390000,avg,constant,first0day,Inf
11390000,avg,constant,prc0,0
11390000,avg,seasonal,first0day,Inf
11390000,avg,seasonal,prc0,0
11390000,wet,constant,first0day,Inf
11390000,wet,constant,prc0,0
11390000,wet,seasonal,first0day,Inf
11390000,wet,seasonal,prc0,0
11404500,dry,constant,first0day,Inf
11404500,dry,constant,prc0,0
11404500,dry,seasonal,first0day,Inf
11404500,dry,seasonal,prc0,0
11404500,avg,constant,first0day,Inf
11404500,avg,constant,prc0,0
11404500,avg,seasonal,first0day,Inf
11404500,avg,seasonal,prc0,0
11404500,wet,constant,first0day,Inf
11404500,wet,constant,prc0,0
11404500,wet,seasonal,first0day,Inf
11404500,wet,seasonal,prc0,0
11407000,dry,constant,first0day,Inf
11407000,dry,constant,prc0,0
11407000,dry,seasonal,first0day,Inf
11407000,dry,seasonal,prc0,0
11407000,avg,constant,first0day,Inf
11407000,avg,constant,prc0,0
11407000,avg,seasonal,first0day,Inf
11407000,avg,seasonal,prc0,0
11407000,wet,constant,first0day,Inf
11407000,wet,constant,prc0,0
11407000,wet,seasonal,first0day,Inf
11407000,wet,seasonal,prc0,0
11427000,dry,constant,first0day,Inf
11427000,dry,constant,prc0,0
11427000,dry,seasonal,first0day,Inf
11427000,dry,seasonal,prc0,0
11427000,avg,constant,first0day,Inf
11427000,avg,constant,prc0,0
11427000,avg,seasonal,first0day,Inf
11427000,avg,seasonal,prc0,0
11427000,wet,constant,first0day,Inf
11427000,wet,constant,prc0,0
11427000,wet,seasonal,first0day,Inf
11427000,wet,seasonal,prc0,0
11446500,dry,constant,first0day,Inf
11446500,dry,constant,prc0,0
11446500,dry,seasonal,first0day,Inf
11446500,dry,seasonal,prc0,0
11446500,avg,constant,first0day,Inf
11446500,avg,constant,prc0,0
11446500,avg,seasonal,first0day,Inf
11446500,avg,seasonal,prc0,0
11446500,wet,constant,first0day,Inf
11446500,wet,constant,prc0,0
11446500,wet,seasonal,first0day,Inf
11446500,wet,seasonal,prc0,0
11454000,dry,constant,first0day,Inf
11454000,dry,constant,prc0,0
11454000,dry,seasonal,first0day,Inf
11454000,dry,seasonal,prc0,0
11454000,avg,constant,first0day,Inf
11454000,avg,constant,prc0,0
11454000,avg,seasonal,first0day,Inf
11454000,avg,seasonal,prc0,0
11454000,wet,constant,first0day,Inf
11454000,wet,constant,prc0,0
11454000,wet,seasonal,first0day,Inf
11454000,wet,seasonal,prc0,0
11462500,dry,constant,first0day,Inf
11462500,dry,constant,prc0,0
11462500,dry,seasonal,first0day,Inf
11462500,dry,seasonal,prc0,0
11462500,avg,constant,first0day,Inf
11462500,avg,constant,prc0,0
11462500,avg,seasonal,first0day,Inf
11462500,avg,seasonal,prc0,0
11462500,wet,constant,first0day,Inf
11462500,wet,constant,prc0,0
11462500,wet,seasonal,first0day,Inf
11462500,wet,seasonal,prc0,0
11464000,dry,constant,first0day,Inf
11464000,dry,constant,prc0,0
11464000,dry,seasonal,first0day,Inf
11464000,dry,seasonal,prc0,0
11464000,avg,constant,first0day,Inf
11464000,avg,constant,prc0,0
11464000,avg,seasonal,first0day,Inf
11464000,avg,seasonal,prc0,0
11464000,wet,constant,first0day,Inf
11464000,wet,constant,prc0,0
11464000,wet,seasonal,first0day,Inf
11464000,wet,seasonal,prc0,0
11467000,dry,constant,first0day,Inf
11467000,dry,constant,prc0,0
11467000,dry,seasonal,first0day,Inf
11467000,dry,seasonal,prc0,0
11467000,avg,constant,first0day,Inf
11467000,avg,constant,prc0,0
11467000,avg,seasonal,first0day,Inf
11467000,avg,seasonal,prc0,0
11467000,wet,constant,first0day,Inf
11467000,wet,constant,prc0,0
11467000,wet,seasonal,first0day,Inf
11467000,wet,seasonal,prc0,0
11470500,dry,constant,first0day,Inf
11470500,dry,constant,prc0,0
11470500,dry,seasonal,first0day,Inf
11470500,dry,seasonal,prc0,0
11470500,avg,constant,first0day,Inf
11470500,avg,constant,prc0,0
11470500,avg,seasonal,first0day,Inf
11470500,avg,seasonal,prc0,0
11470500,wet,constant,first0day,Inf
11470500,wet,constant,prc0,0
11470500,wet,seasonal,first0day,Inf
11470500,wet,seasonal,prc0,0
11477000,dry,constant,first0day,970
11477000,dry,constant,prc0,0.28706849315068494
11477000,dry,seasonal,first0day,974
11477000,dry,seasonal,prc0,0.27095890410958906
11477000,avg,constant,first0day,2078
11477000,avg,constant,prc0,0.15956164383561644
11477000,avg,seasonal,first0day,2439
11477000,avg,seasonal,prc0,0.14153424657534247
11477000,wet,constant,first0day,Inf
11477000,wet,constant,prc0,0
11477000,wet,seasonal,first0day,Inf
11477000,wet,seasonal,prc0,0
11501000,dry,constant,first0day,Inf
11501000,dry,constant,prc0,0
11501000,dry,seasonal,first0day,Inf
11501000,dry,seasonal,prc0,0
11501000,avg,constant,first0day,Inf
11501000,avg,constant,prc0,0
11501000,avg,seasonal,first0day,Inf
11501000,avg,seasonal,prc0,0
11501000,wet,constant,first0day,Inf
11501000,wet,constant,prc0,0
11501000,wet,seasonal,first0day,Inf
11501000,wet,seasonal,prc0,0
11507500,dry,constant,first0day,Inf
11507500,dry,constant,prc0,0
11507500,dry,seasonal,first0day,Inf
11507500,dry,seasonal,prc0,0
11507500,avg,constant,first0day,Inf
11507500,avg,constant,prc0,0
11507500,avg,seasonal,first0day,Inf
11507500,avg,seasonal,prc0,0
11507500,wet,constant,first0day,Inf
11507500,wet,constant,prc0,0
11507500,wet,seasonal,first0day,Inf
11507500,wet,seasonal,prc0,0
11530000,dry,constant,first0day,Inf
11530000,dry,constant,prc0,0
11530000,dry,seasonal,first0day,Inf
11530000,dry,seasonal,prc0,0
11530000,avg,constant,first0day,Inf
11530000,avg,constant,prc0,0
11530000,avg,seasonal,first0day,Inf
11530000,avg,seasonal,prc0,0
11530000,wet,constant,first0day,Inf
11530000,wet,constant,prc0,0
11530000,wet,seasonal,first0day,Inf
11530000,wet,seasonal,prc0,0
11532500,dry,constant,first0day,Inf
11532500,dry,constant,prc0,0
11532500,dry,seasonal,first0day,Inf
11532500,dry,seasonal,prc0,0
11532500,avg,constant,first0day,Inf
11532500,avg,constant,prc0,0
11532500,avg,seasonal,first0day,Inf
11532500,avg,seasonal,prc0,0
11532500,wet,constant,first0day,Inf
11532500,wet,constant,prc0,0
11532500,wet,seasonal,first0day,Inf
11532500,wet,seasonal,prc0,0
12116500,dry,constant,first0day,Inf
12116500,dry,constant,prc0,0
12116500,dry,seasonal,first0day,Inf
12116500,dry,seasonal,prc0,0
12116500,avg,constant,first0day,Inf
12116500,avg,constant,prc0,0
12116500,avg,seasonal,first0day,Inf
12116500,avg,seasonal,prc0,0
12116500,wet,constant,first0day,Inf
12116500,wet,constant,prc0,0
12116500,wet,seasonal,first0day,Inf
12116500,wet,seasonal,prc0,0
12117600,dry,constant,first0day,Inf
12117600,dry,constant,prc0,0
12117600,dry,seasonal,first0day,Inf
12117600,dry,seasonal,prc0,0
12117600,avg,constant,first0day,Inf
12117600,avg,constant,prc0,0
12117600,avg,seasonal,first0day,Inf
12117600,avg,seasonal,prc0,0
12117600,wet,constant,first0day,Inf
12117600,wet,constant,prc0,0
12117600,wet,seasonal,first0day,Inf
12117600,wet,seasonal,prc0,0
12119000,dry,constant,first0day,Inf
12119000,dry,constant,prc0,0
12119000,dry,seasonal,first0day,Inf
12119000,dry,seasonal,prc0,0
12119000,avg,constant,first0day,Inf
12119000,avg,constant,prc0,0
12119000,avg,seasonal,first0day,Inf
12119000,avg,seasonal,prc0,0
12119000,wet,constant,first0day,Inf
12119000,wet,constant,prc0,0
12119000,wet,seasonal,first0day,Inf
12119000,wet,seasonal,prc0,0
12147500,dry,constant,first0day,Inf
12147500,dry,constant,prc0,0
12147500,dry,seasonal,first0day,Inf
12147500,dry,seasonal,prc0,0
12147500,avg,constant,first0day,Inf
12147500,avg,constant,prc0,0
12147500,avg,seasonal,first0day,Inf
12147500,avg,seasonal,prc0,0
12147500,wet,constant,first0day,Inf
12147500,wet,constant,prc0,0
12147500,wet,seasonal,first0day,Inf
12147500,wet,seasonal,prc0,0
12147600,dry,constant,first0day,Inf
12147600,dry,constant,prc0,0
12147600,dry,seasonal,first0day,Inf
12147600,dry,seasonal,prc0,0
12147600,avg,constant,first0day,Inf
12147600,avg,constant,prc0,0
12147600,avg,seasonal,first0day,Inf
12147600,avg,seasonal,prc0,0
12147600,wet,constant,first0day,Inf
12147600,wet,constant,prc0,0
12147600,wet,seasonal,first0day,Inf
12147600,wet,seasonal,prc0,0
12148000,dry,constant,first0day,Inf
12148000,dry,constant,prc0,0
12148000,dry,seasonal,first0day,Inf
12148000,dry,seasonal,prc0,0
12148000,avg,constant,first0day,Inf
12148000,avg,constant,prc0,0
12148000,avg,seasonal,first0day,Inf
12148000,avg,seasonal,prc0,0
12148000,wet,constant,first0day,Inf
12148000,wet,constant,prc0,0
12148000,wet,seasonal,first0day,Inf
12148000,wet,seasonal,prc0,0
12148300,dry,constant,first0day,Inf
12148300,dry,constant,prc0,0
12148300,dry,seasonal,first0day,Inf
12148300,dry,seasonal,prc0,0
12148300,avg,constant,first0day,Inf
12148300,avg,constant,prc0,0
12148300,avg,seasonal,first0day,Inf
12148300,avg,seasonal,prc0,0
12148300,wet,constant,first0day,Inf
12148300,wet,constant,prc0,0
12148300,wet,seasonal,first0day,Inf
12148300,wet,seasonal,prc0,0
12323770,dry,constant,first0day,16279
12323770,dry,constant,prc0,3.2876712328767124e-4
12323770,dry,seasonal,first0day,17009
12323770,dry,seasonal,prc0,2.1917808219178083e-4
12323770,avg,constant,first0day,Inf
12323770,avg,constant,prc0,0
12323770,avg,seasonal,first0day,Inf
12323770,avg,seasonal,prc0,0
12323770,wet,constant,first0day,Inf
12323770,wet,constant,prc0,0
12323770,wet,seasonal,first0day,Inf
12323770,wet,seasonal,prc0,0
12413370,dry,constant,first0day,Inf
12413370,dry,constant,prc0,0
12413370,dry,seasonal,first0day,Inf
12413370,dry,seasonal,prc0,0
12413370,avg,constant,first0day,Inf
12413370,avg,constant,prc0,0
12413370,avg,seasonal,first0day,Inf
12413370,avg,seasonal,prc0,0
12413370,wet,constant,first0day,Inf
12413370,wet,constant,prc0,0
12413370,wet,seasonal,first0day,Inf
12413370,wet,seasonal,prc0,0
13331500,dry,constant,first0day,Inf
13331500,dry,constant,prc0,0
13331500,dry,seasonal,first0day,Inf
13331500,dry,seasonal,prc0,0
13331500,avg,constant,first0day,Inf
13331500,avg,constant,prc0,0
13331500,avg,seasonal,first0day,Inf
13331500,avg,seasonal,prc0,0
13331500,wet,constant,first0day,Inf
13331500,wet,constant,prc0,0
13331500,wet,seasonal,first0day,Inf
13331500,wet,seasonal,prc0,0
13340600,dry,constant,first0day,Inf
13340600,dry,constant,prc0,0
13340600,dry,seasonal,first0day,Inf
13340600,dry,seasonal,prc0,0
13340600,avg,constant,first0day,Inf
13340600,avg,constant,prc0,0
13340600,avg,seasonal,first0day,Inf
13340600,avg,seasonal,prc0,0
13340600,wet,constant,first0day,Inf
13340600,wet,constant,prc0,0
13340600,wet,seasonal,first0day,Inf
13340600,wet,seasonal,prc0,0
14020000,dry,constant,first0day,Inf
14020000,dry,constant,prc0,0
14020000,dry,seasonal,first0day,Inf
14020000,dry,seasonal,prc0,0
14020000,avg,constant,first0day,Inf
14020000,avg,constant,prc0,0
14020000,avg,seasonal,first0day,Inf
14020000,avg,seasonal,prc0,0
14020000,wet,constant,first0day,Inf
14020000,wet,constant,prc0,0
14020000,wet,seasonal,first0day,Inf
14020000,wet,seasonal,prc0,0
14076500,dry,constant,first0day,Inf
14076500,dry,constant,prc0,0
14076500,dry,seasonal,first0day,Inf
14076500,dry,seasonal,prc0,0
14076500,avg,constant,first0day,Inf
14076500,avg,constant,prc0,0
14076500,avg,seasonal,first0day,Inf
14076500,avg,seasonal,prc0,0
14076500,wet,constant,first0day,Inf
14076500,wet,constant,prc0,0
14076500,wet,seasonal,first0day,Inf
14076500,wet,seasonal,prc0,0
14091500,dry,constant,first0day,Inf
14091500,dry,constant,prc0,0
14091500,dry,seasonal,first0day,Inf
14091500,dry,seasonal,prc0,0
14091500,avg,constant,first0day,Inf
14091500,avg,constant,prc0,0
14091500,avg,seasonal,first0day,Inf
14091500,avg,seasonal,prc0,0
14091500,wet,constant,first0day,Inf
14091500,wet,constant,prc0,0
14091500,wet,seasonal,first0day,Inf
14091500,wet,seasonal,prc0,0
14138850,dry,constant,first0day,Inf
14138850,dry,constant,prc0,0
14138850,dry,seasonal,first0day,Inf
14138850,dry,seasonal,prc0,0
14138850,avg,constant,first0day,Inf
14138850,avg,constant,prc0,0
14138850,avg,seasonal,first0day,Inf
14138850,avg,seasonal,prc0,0
14138850,wet,constant,first0day,Inf
14138850,wet,constant,prc0,0
14138850,wet,seasonal,first0day,Inf
14138850,wet,seasonal,prc0,0
14138870,dry,constant,first0day,Inf
14138870,dry,constant,prc0,0
14138870,dry,seasonal,first0day,Inf
14138870,dry,seasonal,prc0,0
14138870,avg,constant,first0day,Inf
14138870,avg,constant,prc0,0
14138870,avg,seasonal,first0day,Inf
14138870,avg,seasonal,prc0,0
14138870,wet,constant,first0day,Inf
14138870,wet,constant,prc0,0
14138870,wet,seasonal,first0day,Inf
14138870,wet,seasonal,prc0,0
14138900,dry,constant,first0day,Inf
14138900,dry,constant,prc0,0
14138900,dry,seasonal,first0day,Inf
14138900,dry,seasonal,prc0,0
14138900,avg,constant,first0day,Inf
14138900,avg,constant,prc0,0
14138900,avg,seasonal,first0day,Inf
14138900,avg,seasonal,prc0,0
14138900,wet,constant,first0day,Inf
14138900,wet,constant,prc0,0
14138900,wet,seasonal,first0day,Inf
14138900,wet,seasonal,prc0,0
14139800,dry,constant,first0day,Inf
14139800,dry,constant,prc0,0
14139800,dry,seasonal,first0day,Inf
14139800,dry,seasonal,prc0,0
14139800,avg,constant,first0day,Inf
14139800,avg,constant,prc0,0
14139800,avg,seasonal,first0day,Inf
14139800,avg,seasonal,prc0,0
14139800,wet,constant,first0day,Inf
14139800,wet,constant,prc0,0
14139800,wet,seasonal,first0day,Inf
14139800,wet,seasonal,prc0,0
14145500,dry,constant,first0day,Inf
14145500,dry,constant,prc0,0
14145500,dry,seasonal,first0day,Inf
14145500,dry,seasonal,prc0,0
14145500,avg,constant,first0day,Inf
14145500,avg,constant,prc0,0
14145500,avg,seasonal,first0day,Inf
14145500,avg,seasonal,prc0,0
14145500,wet,constant,first0day,Inf
14145500,wet,constant,prc0,0
14145500,wet,seasonal,first0day,Inf
14145500,wet,seasonal,prc0,0
14148000,dry,constant,first0day,Inf
14148000,dry,constant,prc0,0
14148000,dry,seasonal,first0day,Inf
14148000,dry,seasonal,prc0,0
14148000,avg,constant,first0day,Inf
14148000,avg,constant,prc0,0
14148000,avg,seasonal,first0day,Inf
14148000,avg,seasonal,prc0,0
14148000,wet,constant,first0day,Inf
14148000,wet,constant,prc0,0
14148000,wet,seasonal,first0day,Inf
14148000,wet,seasonal,prc0,0
14150000,dry,constant,first0day,Inf
14150000,dry,constant,prc0,0
14150000,dry,seasonal,first0day,Inf
14150000,dry,seasonal,prc0,0
14150000,avg,constant,first0day,Inf
14150000,avg,constant,prc0,0
14150000,avg,seasonal,first0day,Inf
14150000,avg,seasonal,prc0,0
14150000,wet,constant,first0day,Inf
14150000,wet,constant,prc0,0
14150000,wet,seasonal,first0day,Inf
14150000,wet,seasonal,prc0,0
14150800,dry,constant,first0day,2069
14150800,dry,constant,prc0,0.09134246575342465
14150800,dry,seasonal,first0day,2070
14150800,dry,seasonal,prc0,0.09583561643835617
14150800,avg,constant,first0day,Inf
14150800,avg,constant,prc0,0
14150800,avg,seasonal,first0day,Inf
14150800,avg,seasonal,prc0,0
14150800,wet,constant,first0day,Inf
14150800,wet,constant,prc0,0
14150800,wet,seasonal,first0day,Inf
14150800,wet,seasonal,prc0,0
14151000,dry,constant,first0day,Inf
14151000,dry,constant,prc0,0
14151000,dry,seasonal,first0day,Inf
14151000,dry,seasonal,prc0,0
14151000,avg,constant,first0day,Inf
14151000,avg,constant,prc0,0
14151000,avg,seasonal,first0day,Inf
14151000,avg,seasonal,prc0,0
14151000,wet,constant,first0day,Inf
14151000,wet,constant,prc0,0
14151000,wet,seasonal,first0day,Inf
14151000,wet,seasonal,prc0,0
14152000,dry,constant,first0day,Inf
14152000,dry,constant,prc0,0
14152000,dry,seasonal,first0day,Inf
14152000,dry,seasonal,prc0,0
14152000,avg,constant,first0day,Inf
14152000,avg,constant,prc0,0
14152000,avg,seasonal,first0day,Inf
14152000,avg,seasonal,prc0,0
14152000,wet,constant,first0day,Inf
14152000,wet,constant,prc0,0
14152000,wet,seasonal,first0day,Inf
14152000,wet,seasonal,prc0,0
14153500,dry,constant,first0day,Inf
14153500,dry,constant,prc0,0
14153500,dry,seasonal,first0day,Inf
14153500,dry,seasonal,prc0,0
14153500,avg,constant,first0day,Inf
14153500,avg,constant,prc0,0
14153500,avg,seasonal,first0day,Inf
14153500,avg,seasonal,prc0,0
14153500,wet,constant,first0day,Inf
14153500,wet,constant,prc0,0
14153500,wet,seasonal,first0day,Inf
14153500,wet,seasonal,prc0,0
14155500,dry,constant,first0day,Inf
14155500,dry,constant,prc0,0
14155500,dry,seasonal,first0day,Inf
14155500,dry,seasonal,prc0,0
14155500,avg,constant,first0day,Inf
14155500,avg,constant,prc0,0
14155500,avg,seasonal,first0day,Inf
14155500,avg,seasonal,prc0,0
14155500,wet,constant,first0day,Inf
14155500,wet,constant,prc0,0
14155500,wet,seasonal,first0day,Inf
14155500,wet,seasonal,prc0,0
14159200,dry,constant,first0day,Inf
14159200,dry,constant,prc0,0
14159200,dry,seasonal,first0day,Inf
14159200,dry,seasonal,prc0,0
14159200,avg,constant,first0day,Inf
14159200,avg,constant,prc0,0
14159200,avg,seasonal,first0day,Inf
14159200,avg,seasonal,prc0,0
14159200,wet,constant,first0day,Inf
14159200,wet,constant,prc0,0
14159200,wet,seasonal,first0day,Inf
14159200,wet,seasonal,prc0,0
14159500,dry,constant,first0day,Inf
14159500,dry,constant,prc0,0
14159500,dry,seasonal,first0day,Inf
14159500,dry,seasonal,prc0,0
14159500,avg,constant,first0day,Inf
14159500,avg,constant,prc0,0
14159500,avg,seasonal,first0day,Inf
14159500,avg,seasonal,prc0,0
14159500,wet,constant,first0day,Inf
14159500,wet,constant,prc0,0
14159500,wet,seasonal,first0day,Inf
14159500,wet,seasonal,prc0,0
14161100,dry,constant,first0day,Inf
14161100,dry,constant,prc0,0
14161100,dry,seasonal,first0day,Inf
14161100,dry,seasonal,prc0,0
14161100,avg,constant,first0day,Inf
14161100,avg,constant,prc0,0
14161100,avg,seasonal,first0day,Inf
14161100,avg,seasonal,prc0,0
14161100,wet,constant,first0day,Inf
14161100,wet,constant,prc0,0
14161100,wet,seasonal,first0day,Inf
14161100,wet,seasonal,prc0,0
14161500,dry,constant,first0day,Inf
14161500,dry,constant,prc0,0
14161500,dry,seasonal,first0day,Inf
14161500,dry,seasonal,prc0,0
14161500,avg,constant,first0day,Inf
14161500,avg,constant,prc0,0
14161500,avg,seasonal,first0day,Inf
14161500,avg,seasonal,prc0,0
14161500,wet,constant,first0day,Inf
14161500,wet,constant,prc0,0
14161500,wet,seasonal,first0day,Inf
14161500,wet,seasonal,prc0,0
14162500,dry,constant,first0day,Inf
14162500,dry,constant,prc0,0
14162500,dry,seasonal,first0day,Inf
14162500,dry,seasonal,prc0,0
14162500,avg,constant,first0day,Inf
14162500,avg,constant,prc0,0
14162500,avg,seasonal,first0day,Inf
14162500,avg,seasonal,prc0,0
14162500,wet,constant,first0day,Inf
14162500,wet,constant,prc0,0
14162500,wet,seasonal,first0day,Inf
14162500,wet,seasonal,prc0,0
14166000,dry,constant,first0day,Inf
14166000,dry,constant,prc0,0
14166000,dry,seasonal,first0day,Inf
14166000,dry,seasonal,prc0,0
14166000,avg,constant,first0day,Inf
14166000,avg,constant,prc0,0
14166000,avg,seasonal,first0day,Inf
14166000,avg,seasonal,prc0,0
14166000,wet,constant,first0day,Inf
14166000,wet,constant,prc0,0
14166000,wet,seasonal,first0day,Inf
14166000,wet,seasonal,prc0,0
14169000,dry,constant,first0day,Inf
14169000,dry,constant,prc0,0
14169000,dry,seasonal,first0day,Inf
14169000,dry,seasonal,prc0,0
14169000,avg,constant,first0day,Inf
14169000,avg,constant,prc0,0
14169000,avg,seasonal,first0day,Inf
14169000,avg,seasonal,prc0,0
14169000,wet,constant,first0day,Inf
14169000,wet,constant,prc0,0
14169000,wet,seasonal,first0day,Inf
14169000,wet,seasonal,prc0,0
14178000,dry,constant,first0day,Inf
14178000,dry,constant,prc0,0
14178000,dry,seasonal,first0day,Inf
14178000,dry,seasonal,prc0,0
14178000,avg,constant,first0day,Inf
14178000,avg,constant,prc0,0
14178000,avg,seasonal,first0day,Inf
14178000,avg,seasonal,prc0,0
14178000,wet,constant,first0day,Inf
14178000,wet,constant,prc0,0
14178000,wet,seasonal,first0day,Inf
14178000,wet,seasonal,prc0,0
14179000,dry,constant,first0day,Inf
14179000,dry,constant,prc0,0
14179000,dry,seasonal,first0day,Inf
14179000,dry,seasonal,prc0,0
14179000,avg,constant,first0day,Inf
14179000,avg,constant,prc0,0
14179000,avg,seasonal,first0day,Inf
14179000,avg,seasonal,prc0,0
14179000,wet,constant,first0day,Inf
14179000,wet,constant,prc0,0
14179000,wet,seasonal,first0day,Inf
14179000,wet,seasonal,prc0,0
14180300,dry,constant,first0day,4647
14180300,dry,constant,prc0,0.059780821917808216
14180300,dry,seasonal,first0day,2457
14180300,dry,seasonal,prc0,0.08104109589041096
14180300,avg,constant,first0day,Inf
14180300,avg,constant,prc0,0
14180300,avg,seasonal,first0day,Inf
14180300,avg,seasonal,prc0,0
14180300,wet,constant,first0day,Inf
14180300,wet,constant,prc0,0
14180300,wet,seasonal,first0day,Inf
14180300,wet,seasonal,prc0,0
14181500,dry,constant,first0day,Inf
14181500,dry,constant,prc0,0
14181500,dry,seasonal,first0day,Inf
14181500,dry,seasonal,prc0,0
14181500,avg,constant,first0day,Inf
14181500,avg,constant,prc0,0
14181500,avg,seasonal,first0day,Inf
14181500,avg,seasonal,prc0,0
14181500,wet,constant,first0day,Inf
14181500,wet,constant,prc0,0
14181500,wet,seasonal,first0day,Inf
14181500,wet,seasonal,prc0,0
14182500,dry,constant,first0day,Inf
14182500,dry,constant,prc0,0
14182500,dry,seasonal,first0day,Inf
14182500,dry,seasonal,prc0,0
14182500,avg,constant,first0day,Inf
14182500,avg,constant,prc0,0
14182500,avg,seasonal,first0day,Inf
14182500,avg,seasonal,prc0,0
14182500,wet,constant,first0day,Inf
14182500,wet,constant,prc0,0
14182500,wet,seasonal,first0day,Inf
14182500,wet,seasonal,prc0,0
14187200,dry,constant,first0day,Inf
14187200,dry,constant,prc0,0
14187200,dry,seasonal,first0day,Inf
14187200,dry,seasonal,prc0,0
14187200,avg,constant,first0day,Inf
14187200,avg,constant,prc0,0
14187200,avg,seasonal,first0day,Inf
14187200,avg,seasonal,prc0,0
14187200,wet,constant,first0day,Inf
14187200,wet,constant,prc0,0
14187200,wet,seasonal,first0day,Inf
14187200,wet,seasonal,prc0,0
14187500,dry,constant,first0day,Inf
14187500,dry,constant,prc0,0
14187500,dry,seasonal,first0day,Inf
14187500,dry,seasonal,prc0,0
14187500,avg,constant,first0day,Inf
14187500,avg,constant,prc0,0
14187500,avg,seasonal,first0day,Inf
14187500,avg,seasonal,prc0,0
14187500,wet,constant,first0day,Inf
14187500,wet,constant,prc0,0
14187500,wet,seasonal,first0day,Inf
14187500,wet,seasonal,prc0,0
14202980,dry,constant,first0day,Inf
14202980,dry,constant,prc0,0
14202980,dry,seasonal,first0day,Inf
14202980,dry,seasonal,prc0,0
14202980,avg,constant,first0day,Inf
14202980,avg,constant,prc0,0
14202980,avg,seasonal,first0day,Inf
14202980,avg,seasonal,prc0,0
14202980,wet,constant,first0day,Inf
14202980,wet,constant,prc0,0
14202980,wet,seasonal,first0day,Inf
14202980,wet,seasonal,prc0,0
14206950,dry,constant,first0day,Inf
14206950,dry,constant,prc0,0
14206950,dry,seasonal,first0day,602
14206950,dry,seasonal,prc0,0.02854794520547945
14206950,avg,constant,first0day,Inf
14206950,avg,constant,prc0,0
14206950,avg,seasonal,first0day,Inf
14206950,avg,seasonal,prc0,0
14206950,wet,constant,first0day,Inf
14206950,wet,constant,prc0,0
14206950,wet,seasonal,first0day,Inf
14206950,wet,seasonal,prc0,0
14211400,dry,constant,first0day,996
14211400,dry,constant,prc0,0.17545205479452056
14211400,dry,seasonal,first0day,631
14211400,dry,seasonal,prc0,0.1757260273972603
14211400,avg,constant,first0day,Inf
14211400,avg,constant,prc0,0
14211400,avg,seasonal,first0day,Inf
14211400,avg,seasonal,prc0,0
14211400,wet,constant,first0day,Inf
14211400,wet,constant,prc0,0
14211400,wet,seasonal,first0day,Inf
14211400,wet,seasonal,prc0,0
14211499,dry,constant,first0day,229
14211499,dry,constant,prc0,0.3367123287671233
14211499,dry,seasonal,first0day,226
14211499,dry,seasonal,prc0,0.31665753424657533
14211499,avg,constant,first0day,13030
14211499,avg,constant,prc0,0.0014794520547945205
14211499,avg,seasonal,first0day,2445
14211499,avg,seasonal,prc0,0.06931506849315068
14211499,wet,constant,first0day,Inf
14211499,wet,constant,prc0,0
14211499,wet,seasonal,first0day,Inf
14211499,wet,seasonal,prc0,0
14211500,dry,constant,first0day,603
14211500,dry,constant,prc0,0.21501369863013697
14211500,dry,seasonal,first0day,253
14211500,dry,seasonal,prc0,0.2081095890410959
14211500,avg,constant,first0day,Inf
14211500,avg,constant,prc0,0
14211500,avg,seasonal,first0day,Inf
14211500,avg,seasonal,prc0,0
14211500,wet,constant,first0day,Inf
14211500,wet,constant,prc0,0
14211500,wet,seasonal,first0day,Inf
14211500,wet,seasonal,prc0,0
14211550,dry,constant,first0day,Inf
14211550,dry,constant,prc0,0
14211550,dry,seasonal,first0day,Inf
14211550,dry,seasonal,prc0,0
14211550,avg,constant,first0day,Inf
14211550,avg,constant,prc0,0
14211550,avg,seasonal,first0day,Inf
14211550,avg,seasonal,prc0,0
14211550,wet,constant,first0day,Inf
14211550,wet,constant,prc0,0
14211550,wet,seasonal,first0day,Inf
14211550,wet,seasonal,prc0,0
14316495,dry,constant,first0day,6107
14316495,dry,constant,prc0,0.04684931506849315
14316495,dry,seasonal,first0day,8297
14316495,dry,seasonal,prc0,0.025315068493150687
14316495,avg,constant,first0day,Inf
14316495,avg,constant,prc0,0
14316495,avg,seasonal,first0day,Inf
14316495,avg,seasonal,prc0,0
14316495,wet,constant,first0day,Inf
14316495,wet,constant,prc0,0
14316495,wet,seasonal,first0day,Inf
14316495,wet,seasonal,prc0,0
14316500,dry,constant,first0day,Inf
14316500,dry,constant,prc0,0
14316500,dry,seasonal,first0day,Inf
14316500,dry,seasonal,prc0,0
14316500,avg,constant,first0day,Inf
14316500,avg,constant,prc0,0
14316500,avg,seasonal,first0day,Inf
14316500,avg,seasonal,prc0,0
14316500,wet,constant,first0day,Inf
14316500,wet,constant,prc0,0
14316500,wet,seasonal,first0day,Inf
14316500,wet,seasonal,prc0,0
14318000,dry,constant,first0day,8286
14318000,dry,constant,prc0,0.018684931506849314
14318000,dry,seasonal,first0day,8651
14318000,dry,seasonal,prc0,0.017095890410958905
14318000,avg,constant,first0day,Inf
14318000,avg,constant,prc0,0
14318000,avg,seasonal,first0day,Inf
14318000,avg,seasonal,prc0,0
14318000,wet,constant,first0day,Inf
14318000,wet,constant,prc0,0
14318000,wet,seasonal,first0day,Inf
14318000,wet,seasonal,prc0,0
14319500,dry,constant,first0day,Inf
14319500,dry,constant,prc0,0
14319500,dry,seasonal,first0day,Inf
14319500,dry,seasonal,prc0,0
14319500,avg,constant,first0day,Inf
14319500,avg,constant,prc0,0
14319500,avg,seasonal,first0day,Inf
14319500,avg,seasonal,prc0,0
14319500,wet,constant,first0day,Inf
14319500,wet,constant,prc0,0
14319500,wet,seasonal,first0day,Inf
14319500,wet,seasonal,prc0,0
14321000,dry,constant,first0day,Inf
14321000,dry,constant,prc0,0
14321000,dry,seasonal,first0day,Inf
14321000,dry,seasonal,prc0,0
14321000,avg,constant,first0day,Inf
14321000,avg,constant,prc0,0
14321000,avg,seasonal,first0day,Inf
14321000,avg,seasonal,prc0,0
14321000,wet,constant,first0day,Inf
14321000,wet,constant,prc0,0
14321000,wet,seasonal,first0day,Inf
14321000,wet,seasonal,prc0,0
14330000,dry,constant,first0day,Inf
14330000,dry,constant,prc0,0
14330000,dry,seasonal,first0day,Inf
14330000,dry,seasonal,prc0,0
14330000,avg,constant,first0day,Inf
14330000,avg,constant,prc0,0
14330000,avg,seasonal,first0day,Inf
14330000,avg,seasonal,prc0,0
14330000,wet,constant,first0day,Inf
14330000,wet,constant,prc0,0
14330000,wet,seasonal,first0day,Inf
14330000,wet,seasonal,prc0,0
14337500,dry,constant,first0day,Inf
14337500,dry,constant,prc0,0
14337500,dry,seasonal,first0day,Inf
14337500,dry,seasonal,prc0,0
14337500,avg,constant,first0day,Inf
14337500,avg,constant,prc0,0
14337500,avg,seasonal,first0day,Inf
14337500,avg,seasonal,prc0,0
14337500,wet,constant,first0day,Inf
14337500,wet,constant,prc0,0
14337500,wet,seasonal,first0day,Inf
14337500,wet,seasonal,prc0,0
14337600,dry,constant,first0day,Inf
14337600,dry,constant,prc0,0
14337600,dry,seasonal,first0day,Inf
14337600,dry,seasonal,prc0,0
14337600,avg,constant,first0day,Inf
14337600,avg,constant,prc0,0
14337600,avg,seasonal,first0day,Inf
14337600,avg,seasonal,prc0,0
14337600,wet,constant,first0day,Inf
14337600,wet,constant,prc0,0
14337600,wet,seasonal,first0day,Inf
14337600,wet,seasonal,prc0,0
14337800,dry,constant,first0day,582
14337800,dry,constant,prc0,0.2621917808219178
14337800,dry,seasonal,first0day,587
14337800,dry,seasonal,prc0,0.2402191780821918
14337800,avg,constant,first0day,4267
14337800,avg,constant,prc0,0.04301369863013699
14337800,avg,seasonal,first0day,5361
14337800,avg,seasonal,prc0,0.029424657534246574
14337800,wet,constant,first0day,Inf
14337800,wet,constant,prc0,0
14337800,wet,seasonal,first0day,Inf
14337800,wet,seasonal,prc0,0
14337870,dry,constant,first0day,4619
14337870,dry,constant,prc0,0.08526027397260275
14337870,dry,seasonal,first0day,4985
14337870,dry,seasonal,prc0,0.0755068493150685
14337870,avg,constant,first0day,Inf
14337870,avg,constant,prc0,0
14337870,avg,seasonal,first0day,Inf
14337870,avg,seasonal,prc0,0
14337870,wet,constant,first0day,Inf
14337870,wet,constant,prc0,0
14337870,wet,seasonal,first0day,Inf
14337870,wet,seasonal,prc0,0
14338000,dry,constant,first0day,224
14338000,dry,constant,prc0,0.28794520547945207
14338000,dry,seasonal,first0day,233
14338000,dry,seasonal,prc0,0.2749041095890411
14338000,avg,constant,first0day,2079
14338000,avg,constant,prc0,0.09424657534246575
14338000,avg,seasonal,first0day,2445
14338000,avg,seasonal,prc0,0.08032876712328767
14338000,wet,constant,first0day,Inf
14338000,wet,constant,prc0,0
14338000,wet,seasonal,first0day,Inf
14338000,wet,seasonal,prc0,0
14339000,dry,constant,first0day,Inf
14339000,dry,constant,prc0,0
14339000,dry,seasonal,first0day,Inf
14339000,dry,seasonal,prc0,0
14339000,avg,constant,first0day,Inf
14339000,avg,constant,prc0,0
14339000,avg,seasonal,first0day,Inf
14339000,avg,seasonal,prc0,0
14339000,wet,constant,first0day,Inf
14339000,wet,constant,prc0,0
14339000,wet,seasonal,first0day,Inf
14339000,wet,seasonal,prc0,0
14362000,dry,constant,first0day,Inf
14362000,dry,constant,prc0,0
14362000,dry,seasonal,first0day,Inf
14362000,dry,seasonal,prc0,0
14362000,avg,constant,first0day,Inf
14362000,avg,constant,prc0,0
14362000,avg,seasonal,first0day,Inf
14362000,avg,seasonal,prc0,0
14362000,wet,constant,first0day,Inf
14362000,wet,constant,prc0,0
14362000,wet,seasonal,first0day,Inf
14362000,wet,seasonal,prc0,0
14366000,dry,constant,first0day,Inf
14366000,dry,constant,prc0,0
14366000,dry,seasonal,first0day,Inf
14366000,dry,seasonal,prc0,0
14366000,avg,constant,first0day,Inf
14366000,avg,constant,prc0,0
14366000,avg,seasonal,first0day,Inf
14366000,avg,seasonal,prc0,0
14366000,wet,constant,first0day,Inf
14366000,wet,constant,prc0,0
14366000,wet,seasonal,first0day,Inf
14366000,wet,seasonal,prc0,0
14369500,dry,constant,first0day,Inf
14369500,dry,constant,prc0,0
14369500,dry,seasonal,first0day,Inf
14369500,dry,seasonal,prc0,0
14369500,avg,constant,first0day,Inf
14369500,avg,constant,prc0,0
14369500,avg,seasonal,first0day,Inf
14369500,avg,seasonal,prc0,0
14369500,wet,constant,first0day,Inf
14369500,wet,constant,prc0,0
14369500,wet,seasonal,first0day,Inf
14369500,wet,seasonal,prc0,0
